Timestamp,Index
1/2/1998,970.384979
1/5/1998,975.8150025
1/6/1998,969.875
1/7/1998,959.625
1/8/1998,959.519989
1/9/1998,938.8849795
1/12/1998,926.0400085
1/13/1998,945.6750185
1/14/1998,953.0599975
1/15/1998,954.105011
1/16/1998,957.9249875
1/20/1998,970.039978
1/21/1998,970.944977
1/22/1998,965.149994
1/23/1998,958.6499935
1/26/1998,958.639984
1/27/1998,964.744995
1/28/1998,973.8250125
1/29/1998,983.930023
1/30/1998,983.519989
2/2/1998,991.3800045
2/3/1998,1001.515015
2/4/1998,1004.475007
2/5/1998,1006.890015
2/6/1998,1008.214996
2/9/1998,1010.805023
2/10/1998,1016.430023
2/11/1998,1018.545014
2/12/1998,1017.425019
2/13/1998,1020.925019
2/17/1998,1024.055024
2/18/1998,1026.889984
2/19/1998,1029.775025
2/20/1998,1028.449982
2/23/1998,1035.220032
2/24/1998,1033.809998
2/25/1998,1038.175049
2/26/1998,1044.265015
2/27/1998,1048.030029
3/2/1998,1049.339966
3/3/1998,1047.715027
3/4/1998,1047.380005
3/5/1998,1039.099976
3/6/1998,1045.369995
3/9/1998,1054.285035
3/10/1998,1058.450013
3/11/1998,1066.700013
3/12/1998,1067.705017
3/13/1998,1071.214966
3/16/1998,1074.034973
3/17/1998,1076.90503
3/18/1998,1081.64502
3/19/1998,1087.02002
3/20/1998,1095.215027
3/23/1998,1097.705017
3/24/1998,1101.150025
3/25/1998,1102.954956
3/26/1998,1101.640015
3/27/1998,1099.160035
3/30/1998,1094.559998
3/31/1998,1101.840027
4/1/1998,1102.23999
4/2/1998,1114.450013
4/3/1998,1122.23999
4/6/1998,1126.679993
4/7/1998,1111.909973
4/8/1998,1104.904969
4/9/1998,1106.549988
4/13/1998,1105.674988
4/14/1998,1112.714966
4/15/1998,1116.070007
4/16/1998,1112.294983
4/17/1998,1113.834961
4/20/1998,1121.65503
4/21/1998,1124.595032
4/22/1998,1129.63501
4/23/1998,1124.015015
4/24/1998,1113.79004
4/27/1998,1092.299988
4/28/1998,1088.714966
4/29/1998,1091.445007
4/30/1998,1105.799988
5/1/1998,1116.38501
5/4/1998,1125.76001
5/5/1998,1116.61499
5/6/1998,1111.515015
5/7/1998,1100.084961
5/8/1998,1102.975037
5/11/1998,1111.424988
5/12/1998,1109.369995
5/13/1998,1118.575013
5/14/1998,1118.230042
5/15/1998,1112.88501
5/18/1998,1105.214966
5/19/1998,1109.659973
5/20/1998,1113.294983
5/21/1998,1118.194946
5/22/1998,1112.440003
5/26/1998,1105.400025
5/27/1998,1084.414978
5/28/1998,1094.39502
5/29/1998,1097.48999
6/1/1998,1091.034974
6/2/1998,1094.190003
6/3/1998,1089.26001
6/4/1998,1087.015015
6/5/1998,1104.354981
6/8/1998,1116.505005
6/9/1998,1115.615052
6/10/1998,1118.13501
6/11/1998,1104.23999
6/12/1998,1089.834961
6/15/1998,1087.924988
6/16/1998,1081.130005
6/17/1998,1100.224976
6/18/1998,1106.534973
6/19/1998,1104.174988
6/22/1998,1104.215027
6/23/1998,1111.349976
6/24/1998,1124.75
6/25/1998,1134.820008
6/26/1998,1133.054993
6/29/1998,1139.174988
6/30/1998,1136.390015
7/1/1998,1141.200013
7/2/1998,1145.775025
7/6/1998,1151.179993
7/7/1998,1156.330018
7/8/1998,1160.775025
7/9/1998,1161.205017
7/10/1998,1158.90503
7/13/1998,1163.594971
7/14/1998,1172.474976
7/15/1998,1178.10498
7/16/1998,1177.210022
7/17/1998,1185.26001
7/20/1998,1184.884949
7/21/1998,1175.210022
7/22/1998,1161.434998
7/23/1998,1152.049988
7/24/1998,1139.625
7/27/1998,1137.729981
7/28/1998,1133.354981
7/29/1998,1130.27002
7/30/1998,1134.139954
7/31/1998,1128.63501
8/3/1998,1116.090027
8/4/1998,1095.774963
8/5/1998,1071.075013
8/6/1998,1082.944946
8/7/1998,1093.630005
8/10/1998,1087.289978
8/11/1998,1068.570008
8/12/1998,1076.839966
8/13/1998,1083.205017
8/14/1998,1070.570008
8/17/1998,1069.375
8/18/1998,1092.695008
8/19/1998,1100.625
8/20/1998,1094.170044
8/21/1998,1073.26001
8/24/1998,1087.529968
8/25/1998,1096.085022
8/26/1998,1084.380005
8/27/1998,1060.899963
8/28/1998,1036.420014
8/31/1998,995.375
9/1/1998,970.345001
9/2/1998,1000.795013
9/3/1998,979.894989
9/4/1998,973.9599915
9/8/1998,998.6750185
9/9/1998,1016.139985
9/10/1998,987.4200135
9/11/1998,989.38501
9/14/1998,1023.720002
9/15/1998,1029.660004
9/16/1998,1037.690003
9/17/1998,1030.764984
9/18/1998,1016.934998
9/21/1998,1009.920014
9/22/1998,1027.925019
9/23/1998,1047.859986
9/24/1998,1049.575012
9/25/1998,1040.190003
9/28/1998,1051.844971
9/29/1998,1048.095032
9/30/1998,1032.375
10/1/1998,999.149994
10/2/1998,988.570007
10/5/1998,983.6599735
10/6/1998,991.790009
10/7/1998,976.4049985
10/8/1998,947
10/9/1998,968.7299805
10/12/1998,997.5500185
10/13/1998,994.1650085
10/14/1998,1001.109986
10/15/1998,1026.604981
10/16/1998,1055.070007
10/19/1998,1059.719971
10/20/1998,1072.335022
10/21/1998,1065.844971
10/22/1998,1070.950013
10/23/1998,1072.955017
10/26/1998,1074.700012
10/27/1998,1075.070008
10/28/1998,1066.220032
10/29/1998,1076.029968
10/30/1998,1094.855042
11/2/1998,1106.554993
11/3/1998,1110.720032
11/4/1998,1118.88501
11/5/1998,1121.715027
11/6/1998,1136.240052
11/9/1998,1132.090027
11/10/1998,1129.085022
11/11/1998,1126.825012
11/12/1998,1121.059998
11/13/1998,1121.549988
11/16/1998,1132.219971
11/17/1998,1140.690003
11/18/1998,1138.794983
11/19/1998,1149.76001
11/20/1998,1158.080017
11/23/1998,1175.880005
11/24/1998,1186.555054
11/25/1998,1183.265015
11/27/1998,1189.899964
11/30/1998,1178.174988
12/1/1998,1163.100037
12/2/1998,1166.52002
12/3/1998,1163.299988
12/4/1998,1163.440003
12/7/1998,1182.834961
12/8/1998,1183.155029
12/9/1998,1180.554993
12/10/1998,1173.76001
12/11/1998,1160.539978
12/14/1998,1151.674988
12/15/1998,1152.014954
12/16/1998,1160.48999
12/17/1998,1170.984985
12/18/1998,1183.580018
12/21/1998,1199.455017
12/22/1998,1200.969971
12/23/1998,1216.729981
12/24/1998,1227.284974
12/28/1998,1226.345032
12/29/1998,1231.320007
12/30/1998,1238.065003
12/31/1998,1231.070008
1/4/1999,1233.955018
1/5/1999,1237.104981
1/6/1999,1258.640015
1/7/1999,1265.01001
1/8/1999,1270.029968
1/11/1999,1264.779969
1/12/1999,1251.369995
1/13/1999,1226.604981
1/14/1999,1223.175049
1/15/1999,1227.724976
1/19/1999,1244.090027
1/20/1999,1262.804993
1/21/1999,1244.564941
1/22/1999,1227.190003
1/25/1999,1226.719971
1/26/1999,1243.61499
1/27/1999,1252.714966
1/28/1999,1254.785034
1/29/1999,1267.775025
2/1/1999,1277.53003
2/2/1999,1260.525025
2/3/1999,1265.65503
2/4/1999,1260.294983
2/5/1999,1242.070007
2/8/1999,1239.455017
2/9/1999,1229.799988
2/10/1999,1219.335022
2/11/1999,1238.619995
2/12/1999,1239.785034
2/16/1999,1241.150025
2/17/1999,1235.115052
2/18/1999,1229.914978
2/19/1999,1239.970032
2/22/1999,1255.719971
2/23/1999,1271.869995
2/24/1999,1267.889954
2/25/1999,1239.210022
2/26/1999,1236.484985
3/1/1999,1230.289978
3/2/1999,1235.090027
3/3/1999,1223.830017
3/4/1999,1237.719971
3/5/1999,1261.184998
3/8/1999,1277.159973
3/9/1999,1284.424988
3/10/1999,1281.090027
3/11/1999,1296.63501
3/12/1999,1296.795044
3/15/1999,1299.25
3/16/1999,1306.700012
3/17/1999,1299.590027
3/18/1999,1306.184998
3/19/1999,1311.369995
3/22/1999,1299.049988
3/23/1999,1277.234986
3/24/1999,1262.725037
3/25/1999,1279.289978
3/26/1999,1283.619995
3/29/1999,1297.28003
3/30/1999,1302.820008
3/31/1999,1299.734986
4/1/1999,1288.550049
4/5/1999,1307.419983
4/6/1999,1318.914978
4/7/1999,1321.084961
4/8/1999,1332.839966
4/9/1999,1343.229981
4/12/1999,1346.084961
4/13/1999,1353.205017
4/14/1999,1341.825012
4/15/1999,1320.39502
4/16/1999,1318.215027
4/19/1999,1312.289978
4/20/1999,1295.255005
4/21/1999,1318.979981
4/22/1999,1347.479981
4/23/1999,1356.049988
4/26/1999,1358.640015
4/27/1999,1364.055054
4/28/1999,1358.455017
4/29/1999,1346.78003
4/30/1999,1333.204956
5/3/1999,1341.820008
5/4/1999,1342.640015
5/5/1999,1332.379944
5/6/1999,1335.460022
5/7/1999,1339.02002
5/10/1999,1343.005005
5/11/1999,1350.150025
5/12/1999,1350.229981
5/13/1999,1369.98999
5/14/1999,1350.095032
5/17/1999,1330.569946
5/18/1999,1334.449951
5/19/1999,1335.640015
5/20/1999,1344.659973
5/21/1999,1333.534973
5/24/1999,1318.275025
5/25/1999,1300.950013
5/26/1999,1291.640015
5/27/1999,1291.035035
5/28/1999,1292.705017
6/1/1999,1291.639954
6/2/1999,1287.284974
6/3/1999,1299.174988
6/4/1999,1313.64502
6/7/1999,1331.15503
6/8/1999,1323.674988
6/9/1999,1320.369995
6/10/1999,1305.960022
6/11/1999,1299.924988
6/14/1999,1297.094971
6/15/1999,1302.380005
6/16/1999,1316.994995
6/17/1999,1333.14502
6/18/1999,1339
6/21/1999,1343.345032
6/22/1999,1343.320008
6/23/1999,1329.215027
6/24/1999,1320.765015
6/25/1999,1320.88501
6/28/1999,1324.495057
6/29/1999,1339.955017
6/30/1999,1355.855042
7/1/1999,1371.800049
7/2/1999,1385.394959
7/6/1999,1396.184998
7/7/1999,1390.414978
7/8/1999,1394.969971
7/9/1999,1398.850037
7/12/1999,1400.759949
7/13/1999,1392.969971
7/14/1999,1393.28003
7/15/1999,1404.005005
7/16/1999,1412.924988
7/19/1999,1412.445008
7/20/1999,1391.400024
7/21/1999,1379.64502
7/22/1999,1366.63501
7/23/1999,1358.660034
7/26/1999,1352.404968
7/27/1999,1358.224976
7/28/1999,1363.035034
7/29/1999,1349.109985
7/30/1999,1339.705017
8/2/1999,1334.949951
8/3/1999,1325.52002
8/4/1999,1317.330017
8/5/1999,1300.469971
8/6/1999,1304.964966
8/9/1999,1301.335022
8/10/1999,1283.174988
8/11/1999,1291.680054
8/12/1999,1305.835022
8/13/1999,1312.940003
8/16/1999,1325.78003
8/17/1999,1336.460022
8/18/1999,1338.14502
8/19/1999,1324.094971
8/20/1999,1330.099976
8/23/1999,1348.424988
8/24/1999,1363.474976
8/25/1999,1371.019959
8/26/1999,1371.660034
8/27/1999,1356.489991
8/30/1999,1336.75
8/31/1999,1320.114991
9/1/1999,1325.785035
9/2/1999,1317.974976
9/3/1999,1338.424988
9/7/1999,1355.489991
9/8/1999,1346.27002
9/9/1999,1340.785034
9/10/1999,1351.909973
9/13/1999,1346.679993
9/14/1999,1337.39502
9/15/1999,1332.589966
9/16/1999,1311.239991
9/17/1999,1328.034973
9/20/1999,1334.494995
9/21/1999,1318.75
9/22/1999,1306.995057
9/23/1999,1296.275025
9/24/1999,1272.505005
9/27/1999,1286.195007
9/28/1999,1270.90503
9/29/1999,1278.494995
9/30/1999,1279.840027
10/1/1999,1274.475037
10/4/1999,1293.705018
10/5/1999,1301.424988
10/6/1999,1313.404969
10/7/1999,1321.090027
10/8/1999,1324.244995
10/11/1999,1336.094971
10/12/1999,1323.505005
10/13/1999,1297.920044
10/14/1999,1278.625
10/15/1999,1264.40503
10/18/1999,1243.914978
10/19/1999,1266.724976
10/20/1999,1275.379944
10/21/1999,1277.52002
10/22/1999,1296.210022
10/25/1999,1293.875
10/26/1999,1292.659973
10/27/1999,1289.934998
10/28/1999,1319.589966
10/29/1999,1357.804993
11/1/1999,1360.675049
11/2/1999,1357.86499
11/3/1999,1354.034973
11/4/1999,1362.170044
11/5/1999,1375.059998
11/8/1999,1373.325012
11/9/1999,1372.630005
11/10/1999,1369.580017
11/11/1999,1377.154968
11/12/1999,1382.330017
11/15/1999,1395.429993
11/16/1999,1407.375
11/17/1999,1417.064941
11/18/1999,1418.01001
11/19/1999,1421.23999
11/22/1999,1418.700012
11/23/1999,1413.054993
11/24/1999,1409.440003
11/26/1999,1420.690003
11/29/1999,1410.38501
11/30/1999,1398.769959
12/1/1999,1393.75
12/2/1999,1403.380005
12/3/1999,1428.230042
12/6/1999,1426.200012
12/7/1999,1417.990052
12/8/1999,1409.77002
12/9/1999,1404.950013
12/10/1999,1413.61499
12/13/1999,1415.839966
12/14/1999,1409.945008
12/15/1999,1406.799988
12/16/1999,1415.729981
12/17/1999,1425.275025
12/20/1999,1420.130005
12/21/1999,1425.63501
12/22/1999,1434.575013
12/23/1999,1448.784973
12/27/1999,1457.009949
12/28/1999,1457.730042
12/29/1999,1462.565003
12/30/1999,1467.849976
12/31/1999,1465.304993
1/3/2000,1458.179993
1/4/2000,1426.325013
1/5/2000,1395.475037
1/6/2000,1402
1/7/2000,1421.099976
1/10/2000,1452.914978
1/11/2000,1446.540039
1/12/2000,1434.839966
1/13/2000,1443.224976
1/14/2000,1461.340027
1/18/2000,1458.225037
1/19/2000,1455.035035
1/20/2000,1452.125
1/21/2000,1446.390015
1/24/2000,1424.755005
1/25/2000,1401.375
1/26/2000,1406.445007
1/27/2000,1394.924988
1/28/2000,1377.380005
1/31/2000,1372.309998
2/1/2000,1398.640015
2/2/2000,1412.049988
2/3/2000,1412.150025
2/4/2000,1428.27002
2/7/2000,1420.23999
2/8/2000,1433.034973
2/9/2000,1428.100037
2/10/2000,1414.265015
2/11/2000,1397.859986
2/14/2000,1387.730042
2/15/2000,1391.984986
2/16/2000,1395.065003
2/17/2000,1389.974976
2/18/2000,1366.954956
2/22/2000,1344.994995
2/23/2000,1356.274963
2/24/2000,1347.340027
2/25/2000,1345.64502
2/28/2000,1342.944946
2/29/2000,1358.840027
3/1/2000,1374.940003
3/2/2000,1378.455018
3/3/2000,1396.320008
3/6/2000,1397.244995
3/7/2000,1374.599976
3/8/2000,1360.205017
3/9/2000,1379.849976
3/10/2000,1402.764954
3/13/2000,1381.614991
3/14/2000,1377.150024
3/15/2000,1377.48999
3/16/2000,1425.309998
3/17/2000,1465.324951
3/20/2000,1459.39502
3/21/2000,1469.990052
3/22/2000,1496.204956
3/23/2000,1512.445008
3/24/2000,1534.849976
3/27/2000,1526.544983
3/28/2000,1517.224976
3/29/2000,1509.449951
3/30/2000,1496.005005
3/31/2000,1502.095032
4/3/2000,1497.074951
4/4/2000,1471.429993
4/5/2000,1492.300049
4/6/2000,1499.565003
4/7/2000,1510.01001
4/10/2000,1515.269959
4/11/2000,1499.790039
4/12/2000,1487.61499
4/13/2000,1458.429993
4/14/2000,1389.955017
4/17/2000,1374.015015
4/18/2000,1419.710022
4/19/2000,1435.974976
4/20/2000,1428.784973
4/24/2000,1420.835022
4/25/2000,1453.765015
4/26/2000,1469.959961
4/27/2000,1452.01001
4/28/2000,1460.88501
5/1/2000,1466.970032
5/2/2000,1456.734986
5/3/2000,1422.325012
5/4/2000,1412.964966
5/5/2000,1420.554993
5/8/2000,1424.840027
5/9/2000,1416.065003
5/10/2000,1393.640015
5/11/2000,1396.65503
5/12/2000,1418.970032
5/15/2000,1434.465027
5/16/2000,1460.580017
5/17/2000,1453.855042
5/18/2000,1447.315003
5/19/2000,1419.474976
5/22/2000,1389.640015
5/23/2000,1388.600037
5/24/2000,1381.419983
5/25/2000,1392.790039
5/26/2000,1380.585022
5/30/2000,1400.234986
5/31/2000,1424.994995
6/1/2000,1434.705018
6/2/2000,1466.02002
6/5/2000,1470.980042
6/6/2000,1463.049988
6/7/2000,1464.850037
6/8/2000,1466.070007
6/9/2000,1463.815003
6/12/2000,1454.460022
6/13/2000,1456.400025
6/14/2000,1475.664978
6/15/2000,1473.330017
6/16/2000,1470.595032
6/19/2000,1473.990052
6/20/2000,1478.75
6/21/2000,1475.094971
6/22/2000,1463.580017
6/23/2000,1449.125
6/26/2000,1450.570007
6/27/2000,1456.950013
6/28/2000,1459.090027
6/29/2000,1444.88501
6/30/2000,1446.695008
7/3/2000,1460.214966
7/5/2000,1455.994995
7/6/2000,1450.605042
7/7/2000,1470.39502
7/10/2000,1480.660035
7/11/2000,1479.625
7/12/2000,1489.284973
7/13/2000,1495.52002
7/14/2000,1502.275025
7/17/2000,1511.289978
7/18/2000,1500.919983
7/19/2000,1487.775025
7/20/2000,1491.940003
7/21/2000,1486.73999
7/24/2000,1474.840027
7/25/2000,1470.26001
7/26/2000,1463.445008
7/27/2000,1455.119995
7/28/2000,1435.285035
7/31/2000,1428.179993
8/1/2000,1436.25
8/2/2000,1442.539978
8/3/2000,1439.809998
8/4/2000,1457.120057
8/7/2000,1470.76001
8/8/2000,1478.565003
8/9/2000,1480.744995
8/10/2000,1467.52002
8/11/2000,1464.390015
8/14/2000,1480.100037
8/15/2000,1487.929993
8/16/2000,1485.914978
8/17/2000,1489.584961
8/18/2000,1494.229981
8/21/2000,1496.984986
8/22/2000,1502.934998
8/23/2000,1498.359986
8/24/2000,1506.205017
8/25/2000,1509.279969
8/28/2000,1515.199951
8/29/2000,1510.13501
8/30/2000,1505.289978
8/31/2000,1513.899964
9/1/2000,1522.809998
9/5/2000,1512.489991
9/6/2000,1502.36499
9/7/2000,1498.794983
9/8/2000,1496.195008
9/11/2000,1494.88501
9/12/2000,1488.300049
9/13/2000,1480.529968
9/14/2000,1485.445007
9/15/2000,1470.589966
9/18/2000,1454.845032
9/19/2000,1452.835022
9/20/2000,1445.719971
9/21/2000,1444.535035
9/22/2000,1435.465027
9/25/2000,1446.675049
9/26/2000,1436.64502
9/27/2000,1428.329956
9/28/2000,1443.734985
9/29/2000,1447.290039
10/2/2000,1437.714966
10/3/2000,1440.049988
10/4/2000,1428.150025
10/5/2000,1437.985047
10/6/2000,1420.180054
10/9/2000,1401.084961
10/10/2000,1396.339966
10/11/2000,1368.345032
10/12/2000,1351.495057
10/13/2000,1350.625
10/16/2000,1372.27002
10/17/2000,1361.664978
10/18/2000,1331.220032
10/19/2000,1366.03003
10/20/2000,1395.329956
10/23/2000,1397.354981
10/24/2000,1401.88501
10/25/2000,1380.169983
10/26/2000,1355.265015
10/27/2000,1374.349976
10/30/2000,1391.609985
10/31/2000,1415.440003
11/1/2000,1420.024964
11/2/2000,1427.309998
11/3/2000,1427.065003
11/6/2000,1433.089966
11/7/2000,1429.739991
11/8/2000,1423.030029
11/9/2000,1389.480042
11/10/2000,1383.054993
11/13/2000,1347.299988
11/14/2000,1370.660035
11/15/2000,1385.354981
11/16/2000,1382.575013
11/17/2000,1370.200013
11/20/2000,1354.695008
11/21/2000,1344.744995
11/22/2000,1334.619996
11/24/2000,1333.094971
11/27/2000,1352.13501
11/28/2000,1346.890015
11/29/2000,1340.830017
11/30/2000,1318.405029
12/1/2000,1320.845032
12/4/2000,1321.14502
12/5/2000,1350.765015
12/6/2000,1361.345032
12/7/2000,1346.380005
12/8/2000,1361.940003
12/11/2000,1376.595032
12/12/2000,1375.27002
12/13/2000,1372.149963
12/14/2000,1350.234985
12/15/2000,1323.15503
12/18/2000,1322.234985
12/19/2000,1325.819946
12/20/2000,1283.380005
12/21/2000,1269.690003
12/22/2000,1290.414978
12/26/2000,1308.789978
12/27/2000,1321.494995
12/28/2000,1330.855042
12/29/2000,1328.804993
1/2/2001,1298.165039
1/3/2001,1311.190003
1/4/2001,1339.690003
1/5/2001,1314.859986
1/8/2001,1287.320008
1/9/2001,1303.429993
1/10/2001,1300.52002
1/11/2001,1320.954956
1/12/2001,1322.399964
1/16/2001,1320.570008
1/17/2001,1336.165039
1/18/2001,1340.059998
1/19/2001,1345.64502
1/22/2001,1343.729981
1/23/2001,1351.265015
1/24/2001,1363.515015
1/25/2001,1360.989991
1/26/2001,1350.130005
1/29/2001,1357.950012
1/30/2001,1365.940003
1/31/2001,1374.015015
2/1/2001,1366.419983
2/2/2001,1362.549988
2/5/2001,1349.52002
2/6/2001,1356.795044
2/7/2001,1343.26001
2/8/2001,1341.369995
2/9/2001,1321.255005
2/12/2001,1322.299988
2/13/2001,1327.065003
2/14/2001,1312.724976
2/15/2001,1323.605042
2/16/2001,1309.89502
2/20/2001,1292.799988
2/21/2001,1268.065003
2/22/2001,1244.134949
2/23/2001,1234.129944
2/26/2001,1254.699951
2/27/2001,1262.51001
2/28/2001,1246.559998
3/1/2001,1227.929993
3/2/2001,1235.375
3/5/2001,1238.295044
3/6/2001,1254.415039
3/7/2001,1258.830017
3/8/2001,1262.049988
3/9/2001,1246.580017
3/12/2001,1205.100037
3/13/2001,1184.664978
3/14/2001,1176.505005
3/15/2001,1174.375
3/16/2001,1161.100037
3/19/2001,1160.340027
3/20/2001,1161.375
3/21/2001,1134.065003
3/22/2001,1102.729981
3/23/2001,1129.704956
3/26/2001,1149.924988
3/27/2001,1167.154969
3/28/2001,1165
3/29/2001,1148.974976
3/30/2001,1153.315003
4/2/2001,1153.51001
4/3/2001,1123.029968
4/4/2001,1104.744995
4/5/2001,1127.359986
4/6/2001,1135.36499
4/9/2001,1136.255005
4/10/2001,1155.755005
4/11/2001,1171.25
4/12/2001,1170.619995
4/16/2001,1176.01001
4/17/2001,1180.575012
4/18/2001,1220.115052
4/19/2001,1243.549988
4/20/2001,1244.054993
4/23/2001,1230.224976
4/24/2001,1221.215027
4/25/2001,1219.869995
4/26/2001,1238.525025
4/27/2001,1243.794983
4/30/2001,1256.64502
5/1/2001,1255.01001
5/2/2001,1265.315003
5/3/2001,1253.65503
5/4/2001,1249.755005
5/7/2001,1264.594971
5/8/2001,1260.005005
5/9/2001,1254.73999
5/10/2001,1261.350037
5/11/2001,1250.315003
5/14/2001,1245.350037
5/15/2001,1251.404968
5/16/2001,1264.705018
5/17/2001,1289.565002
5/18/2001,1286.605042
5/21/2001,1300.409973
5/22/2001,1311.410035
5/23/2001,1299.039978
5/24/2001,1288.130005
5/25/2001,1284.795044
5/29/2001,1271.915039
5/30/2001,1256.945008
5/31/2001,1254.98999
6/1/2001,1256.109986
6/4/2001,1261.765015
6/5/2001,1276.86499
6/6/2001,1276.429993
6/7/2001,1271.079956
6/8/2001,1268.549988
6/11/2001,1257.094971
6/12/2001,1248.375
6/13/2001,1250.669983
6/14/2001,1230.25
6/15/2001,1212.265015
6/18/2001,1214.779968
6/19/2001,1216.909973
6/20/2001,1217.839966
6/21/2001,1230.244995
6/22/2001,1229.570007
6/25/2001,1222.549988
6/26/2001,1212.669983
6/27/2001,1213.605042
6/28/2001,1222.754944
6/29/2001,1229.215027
7/2/2001,1231.905029
7/3/2001,1233.070008
7/5/2001,1226.799988
7/6/2001,1203.98999
7/9/2001,1195.755005
7/10/2001,1191.680054
7/11/2001,1176.695008
7/12/2001,1195.215027
7/13/2001,1211.075012
7/16/2001,1209.840027
7/17/2001,1205.75
7/18/2001,1206.384949
7/19/2001,1215.420044
7/20/2001,1211.36499
7/23/2001,1202.859986
7/24/2001,1178.285034
7/25/2001,1180.900025
7/26/2001,1193.415039
7/27/2001,1202.625
7/30/2001,1204.730042
7/31/2001,1213.630005
8/1/2001,1217.13501
8/2/2001,1220.79004
8/3/2001,1213.03003
8/6/2001,1205.849976
8/7/2001,1201.600037
8/8/2001,1194.03003
8/9/2001,1179.695008
8/10/2001,1181.440003
8/13/2001,1189.469971
8/14/2001,1191.525025
8/15/2001,1184.409973
8/16/2001,1173.940003
8/17/2001,1168.86499
8/20/2001,1166.174988
8/21/2001,1168.205018
8/22/2001,1160.950013
8/23/2001,1165.409973
8/24/2001,1173.619995
8/27/2001,1182.459961
8/28/2001,1170.415039
8/29/2001,1157.174988
8/30/2001,1138.309998
8/31/2001,1134.104981
9/4/2001,1142.230042
9/5/2001,1125.190003
9/6/2001,1118.784973
9/7/2001,1094.26001
9/10/2001,1085.044983
9/17/2001,1065
9/18/2001,1037.835022
9/19/2001,1011.765015
9/20/2001,1000.294983
9/21/2001,964.644989
9/24/2001,987.119995
9/25/2001,1007.735016
9/26/2001,1011.454987
9/27/2001,1008.579987
9/28/2001,1029.774963
10/1/2001,1033.849976
10/2/2001,1042.899964
10/3/2001,1058.429993
10/4/2001,1075.969971
10/5/2001,1062.924988
10/8/2001,1064.125
10/9/2001,1058.599976
10/10/2001,1067.190003
10/11/2001,1090.075012
10/12/2001,1084.790039
10/15/2001,1084.919983
10/16/2001,1094.39502
10/17/2001,1091.844971
10/18/2001,1071.23999
10/19/2001,1066.380005
10/22/2001,1080.679993
10/23/2001,1090.26001
10/24/2001,1085.119995
10/25/2001,1082.864991
10/26/2001,1102.424988
10/29/2001,1091.455017
10/30/2001,1065.955017
10/31/2001,1066.170044
11/1/2001,1069.960022
11/2/2001,1082.604981
11/5/2001,1096.959961
11/6/2001,1107.544983
11/7/2001,1119.799988
11/8/2001,1125.585022
11/9/2001,1117.075013
11/12/2001,1110.014954
11/13/2001,1128.734986
11/14/2001,1140.575012
11/15/2001,1140.76001
11/16/2001,1136.720032
11/19/2001,1144.855042
11/20/2001,1147.309998
11/21/2001,1136.220032
11/23/2001,1143.475037
11/26/2001,1152.025025
11/27/2001,1152.095032
11/28/2001,1138.89502
11/29/2001,1132.955017
11/30/2001,1139.729981
12/3/2001,1132.61499
12/4/2001,1136.830017
12/5/2001,1158.695008
12/6/2001,1168.890015
12/7/2001,1159.880005
12/10/2001,1148.985047
12/11/2001,1142.604981
12/12/2001,1133.794983
12/13/2001,1127.459961
12/14/2001,1121.405029
12/17/2001,1129.980042
12/18/2001,1139.729981
12/19/2001,1143.594971
12/20/2001,1145.675049
12/21/2001,1143.695008
12/24/2001,1146.224976
12/26/2001,1151.915039
12/27/2001,1153.25
12/28/2001,1160.88501
12/31/2001,1154.600037
1/2/2002,1145.450012
1/3/2002,1159.640015
1/4/2002,1169.985047
1/7/2002,1170.26001
1/8/2002,1162.529969
1/9/2002,1163.075013
1/10/2002,1155.390015
1/11/2002,1152.429993
1/14/2002,1141.875
1/15/2002,1142.845032
1/16/2002,1136.839966
1/17/2002,1133.419983
1/18/2002,1131.664978
1/22/2002,1126.585022
1/23/2002,1124.684998
1/24/2002,1133.840027
1/25/2002,1133.065003
1/28/2002,1132.64502
1/29/2002,1118.104981
1/30/2002,1097.725037
1/31/2002,1121.755005
2/1/2002,1124.354981
2/4/2002,1107.224976
2/5/2002,1091.769959
2/6/2002,1085.679993
2/7/2002,1086.234985
2/8/2002,1088.105042
2/11/2002,1103.345032
2/12/2002,1107.830017
2/13/2002,1114.03003
2/14/2002,1118.51001
2/15/2002,1110.159973
2/19/2002,1093.210022
2/20/2002,1086.339966
2/21/2002,1090.869995
2/22/2002,1084.160035
2/25/2002,1101.274964
2/26/2002,1108.38501
2/27/2002,1112.660035
2/28/2002,1114.149963
3/1/2002,1119.26001
3/4/2002,1142.38501
3/5/2002,1151.26001
3/6/2002,1155.200012
3/7/2002,1159.314941
3/8/2002,1165.150025
3/11/2002,1166.304993
3/12/2002,1161.299988
3/13/2002,1158.294983
3/14/2002,1154.454956
3/15/2002,1159.76001
3/18/2002,1165.934998
3/19/2002,1169.744995
3/20/2002,1160.950012
3/21/2002,1147.289978
3/22/2002,1150.544983
3/25/2002,1141.455017
3/26/2002,1139.304993
3/27/2002,1141.139954
3/28/2002,1149.514954
4/1/2002,1140.354981
4/2/2002,1141.125
4/3/2002,1129.265015
4/4/2002,1125.255005
4/5/2002,1126.400025
4/8/2002,1118.600037
4/9/2002,1122.51001
4/10/2002,1124.78003
4/11/2002,1116.445008
4/12/2002,1107.755005
4/15/2002,1107.13501
4/16/2002,1115.975037
4/17/2002,1128.184998
4/18/2002,1119.890015
4/19/2002,1125.704956
4/22/2002,1115.39502
4/23/2002,1105.054993
4/24/2002,1100.484986
4/25/2002,1089.585022
4/26/2002,1086.54004
4/29/2002,1071.284973
4/30/2002,1073.039978
5/1/2002,1076.804993
5/2/2002,1085.440003
5/3/2002,1076.725037
5/6/2002,1064.304993
5/7/2002,1053.815003
5/8/2002,1069.205017
5/9/2002,1080.539978
5/10/2002,1064.680054
5/13/2002,1064.369995
5/14/2002,1086.13501
5/15/2002,1096.584961
5/16/2002,1094.230042
5/17/2002,1101.679993
5/20/2002,1098.599976
5/21/2002,1089.315003
5/22/2002,1080.830018
5/23/2002,1088.825013
5/24/2002,1089.634949
5/28/2002,1078.14502
5/29/2002,1071.244995
5/30/2002,1061.880005
5/31/2002,1072.295044
6/3/2002,1055.320007
6/4/2002,1038.29004
6/5/2002,1044.474976
6/6/2002,1038.405029
6/7/2002,1022.755005
6/10/2002,1031.815003
6/11/2002,1025.990021
6/12/2002,1012.214997
6/13/2002,1015.794983
6/14/2002,995.5950015
6/17/2002,1021.720032
6/18/2002,1035.875
6/19/2002,1027.744995
6/20/2002,1013.960022
6/21/2002,995.970001
6/24/2002,986.4799805
6/25/2002,990.0450135
6/26/2002,965.174988
6/27/2002,977.2049865
6/28/2002,995.049988
7/1/2002,980.9450075
7/2/2002,957.095001
7/3/2002,944.5849915
7/5/2002,971.5299985
7/8/2002,983.2349855
7/9/2002,965.6700135
7/10/2002,938.3150025
7/11/2002,915.0499875
7/12/2002,924.01001
7/15/2002,898.9250185
7/16/2002,907.8900145
7/17/2002,910.7750245
7/18/2002,894.199982
7/19/2002,861.8150025
7/22/2002,833.6950075
7/23/2002,811.9100035
7/24/2002,810
7/25/2002,834.970001
7/26/2002,844.3849795
7/29/2002,875.9000245
7/30/2002,897.255005
7/31/2002,900.76001
8/1/2002,897.0499875
8/2/2002,869.3349915
8/5/2002,848.839996
8/6/2002,854.519989
8/7/2002,866.445007
8/8/2002,890.505005
8/9/2002,902.360016
8/12/2002,900.51001
8/13/2002,897.6650085
8/14/2002,898.205017
8/15/2002,925.7299805
8/16/2002,925.7950135
8/19/2002,939.1900025
8/20/2002,941.2799985
8/21/2002,941.455017
8/22/2002,955.7149965
8/23/2002,949.9349975
8/26/2002,940.6099855
8/27/2002,943.089996
8/28/2002,924.0150145
8/29/2002,913.960022
8/30/2002,919.1600035
9/3/2002,896.7900085
9/4/2002,885.914978
9/5/2002,881.950012
9/6/2002,889.1100155
9/9/2002,895.130005
9/10/2002,905.1950075
9/11/2002,916.2449955
9/12/2002,897.1450195
9/13/2002,884.899994
9/16/2002,885.375
9/17/2002,887.529999
9/18/2002,867.9200135
9/19/2002,856.2750245
9/20/2002,844.205017
9/23/2002,835.5750125
9/24/2002,825.5400085
9/25/2002,831.3399965
9/26/2002,848.1299745
9/27/2002,840.8950195
9/30/2002,813.7850035
10/1/2002,830.375
10/2/2002,839.2149965
10/3/2002,828.63501
10/4/2002,810
10/7/2002,795.585022
10/8/2002,794.1799925
10/9/2002,787.174988
10/10/2002,787.5700075
10/11/2002,823.5950015
10/14/2002,836.380005
10/15/2002,861.355011
10/16/2002,868.7750245
10/17/2002,872.684998
10/18/2002,876.630005
10/21/2002,886.875
10/22/2002,891.0599975
10/23/2002,884.980011
10/24/2002,890.970001
10/25/2002,887.3700255
10/28/2002,896.795013
10/29/2002,879.274994
10/30/2002,887.2350155
10/31/2002,889.2900085
11/1/2002,890.5650025
11/4/2002,912.7700195
11/5/2002,910.369995
11/6/2002,915.3299865
11/7/2002,911.2200015
11/8/2002,900.86499
11/11/2002,884.6849975
11/12/2002,885.244995
11/13/2002,882.279999
11/14/2002,893.4000245
11/15/2002,902.779999
11/18/2002,907.6949765
11/19/2002,899.2700195
11/20/2002,904.9700015
11/21/2002,924.6400145
11/22/2002,932.845001
11/25/2002,930.230011
11/26/2002,922.4849855
11/27/2002,926.8599855
11/29/2002,938.700012
12/2/2002,941
12/3/2002,926.6300045
12/4/2002,917.380005
12/5/2002,913.695007
12/6/2002,905.720001
12/9/2002,902.0999755
12/10/2002,898.475006
12/11/2002,903.209991
12/12/2002,902.6849975
12/13/2002,895.0299985
12/16/2002,899.9499815
12/17/2002,906.4799805
12/18/2002,895.4049985
12/19/2002,889.7550045
12/20/2002,891.019989
12/23/2002,897.3450015
12/24/2002,894.8349915
12/26/2002,895.6849975
12/27/2002,882.0400085
12/30/2002,876.164978
12/31/2002,875.6900025
1/2/2003,894.425018
1/3/2003,907.1600035
1/6/2003,920.1800235
1/7/2003,925.3699955
1/8/2003,915.625
1/9/2003,919.1199955
1/10/2003,925.274994
1/13/2003,928.549988
1/14/2003,926.689972
1/15/2003,924.6450195
1/16/2003,919.0050045
1/17/2003,906.809998
1/21/2003,896.8099975
1/22/2003,883.6900025
1/23/2003,883.5700075
1/24/2003,873.5250245
1/27/2003,854.100006
1/28/2003,854.119995
1/29/2003,857.289978
1/30/2003,854.609985
1/31/2003,849.335022
2/3/2003,860.1700135
2/4/2003,850.2550045
2/5/2003,851.869995
2/6/2003,838.73999
2/7/2003,836.214996
2/10/2003,830.345001
2/11/2003,834.0550235
2/12/2003,825.3049925
2/13/2003,813.769989
2/14/2003,824.960022
2/18/2003,843.880005
2/19/2003,844.9799805
2/20/2003,842.9649965
2/21/2003,841.8800045
2/24/2003,840.164978
2/25/2003,829.044983
2/26/2003,833.3899845
2/27/2003,834.869995
2/28/2003,842.1400145
3/3/2003,842.5400085
3/4/2003,828.6950075
3/5/2003,824.4349975
3/6/2003,824.849976
3/7/2003,820.389984
3/10/2003,817.730011
3/11/2003,807.274994
3/12/2003,796.545013
3/13/2003,818.105011
3/14/2003,834.8250125
3/17/2003,844.9799805
3/18/2003,862.1499935
3/19/2003,868.100006
3/20/2003,869.304993
3/21/2003,885.8700255
3/24/2003,878.904999
3/25/2003,871.230011
3/26/2003,871.1349795
3/27/2003,866.1200255
3/28/2003,865.355011
3/31/2003,853.5899965
4/1/2003,854.5650025
4/2/2003,871.5249935
4/3/2003,881.005005
4/4/2003,878.47998
4/7/2003,891.8699955
4/8/2003,878.894989
4/9/2003,876.5349735
4/10/2003,867.2700195
4/11/2003,874.630005
4/14/2003,876.779999
4/15/2003,886.559998
4/16/2003,887.3500065
4/17/2003,886.5150145
4/21/2003,893.0899965
4/22/2003,899.220001
4/23/2003,914.8150025
4/24/2003,912.855011
4/25/2003,904.4750065
4/28/2003,908.480011
4/29/2003,917.669983
4/30/2003,916.855011
5/1/2003,911.255005
5/2/2003,921.454987
5/5/2003,929.2149965
5/6/2003,932.994995
5/7/2003,931.814972
5/8/2003,924.669983
5/9/2003,927.02002
5/12/2003,938.0700075
5/13/2003,943.2099915
5/14/2003,941.264984
5/15/2003,943.509979
5/16/2003,943.625
5/19/2003,932.264984
5/20/2003,918.6950075
5/21/2003,919.3799745
5/22/2003,928.919983
5/23/2003,931.3099975
5/27/2003,940.0450135
5/28/2003,954.755005
5/29/2003,954.1549985
5/30/2003,957.51001
6/2/2003,971.350006
6/3/2003,968.7449955
6/4/2003,979.2849735
6/5/2003,984.13501
6/6/2003,996.850006
6/9/2003,980.1750185
6/10/2003,980.38501
6/11/2003,989.5449825
6/12/2003,997.005005
6/13/2003,992.5950015
6/16/2003,999.734985
6/17/2003,1011.184998
6/18/2003,1009.86499
6/19/2003,1002.149994
6/20/2003,997.725006
6/23/2003,986.545013
6/24/2003,983.460022
6/25/2003,983.25
6/26/2003,980.1650085
6/27/2003,981.5849915
6/30/2003,978.6049805
7/1/2003,972.679993
7/2/2003,988.050018
7/3/2003,989.1700135
7/7/2003,995.630005
7/8/2003,1003.824982
7/9/2003,1004.299988
7/10/2003,992.9200135
7/11/2003,994.7799985
7/14/2003,1006.774994
7/15/2003,1003.139984
7/16/2003,996.3849795
7/17/2003,986.299988
7/18/2003,987.980011
7/21/2003,984.475006
7/22/2003,983.1849975
7/23/2003,984.8249815
7/24/2003,989.980011
7/25/2003,988.100006
7/28/2003,997.13501
7/29/2003,991.3950195
7/30/2003,989.2900085
7/31/2003,996.0400085
8/1/2003,984.5849915
8/4/2003,976.269989
8/5/2003,973.894989
8/6/2003,968.2900085
8/7/2003,969.355011
8/8/2003,977.200012
8/11/2003,979.835022
8/12/2003,985.1549985
8/13/2003,986.674988
8/14/2003,986.134979
8/15/2003,989.7449955
8/18/2003,995.5099795
8/19/2003,999.299988
8/20/2003,1000.079987
8/21/2003,1004.430023
8/22/2003,1001.815003
8/25/2003,990.8099975
8/26/2003,990.75
8/27/2003,995.6900025
8/28/2003,997.769989
8/29/2003,1004.184998
9/2/2003,1014.160004
9/3/2003,1025.664978
9/4/2003,1025.680023
9/5/2003,1023.699982
9/8/2003,1026.900025
9/9/2003,1026.390015
9/10/2003,1016.454987
9/11/2003,1015.899994
9/12/2003,1013.680023
9/15/2003,1016.690003
9/16/2003,1022.235016
9/17/2003,1027.934998
9/18/2003,1032.955017
9/19/2003,1036.090027
9/22/2003,1027.300019
9/23/2003,1025.829987
9/24/2003,1019.379975
9/25/2003,1009.614991
9/26/2003,999.7650145
9/29/2003,1001.100007
9/30/2003,998.470001
10/1/2003,1007.094971
10/2/2003,1017.625
10/3/2003,1029.775025
10/6/2003,1032.815002
10/7/2003,1032.76001
10/8/2003,1035.51001
10/9/2003,1041.030029
10/10/2003,1038.289978
10/13/2003,1043.480042
10/14/2003,1045.164978
10/15/2003,1048.470032
10/16/2003,1048.48999
10/17/2003,1044.229981
10/20/2003,1040.409973
10/21/2003,1045.579956
10/22/2003,1037.210022
10/23/2003,1030.664978
10/24/2003,1026.045014
10/27/2003,1033.330017
10/28/2003,1038.960022
10/29/2003,1046.589966
10/30/2003,1048.315003
10/31/2003,1050.014954
11/3/2003,1056.074951
11/4/2003,1055.359986
11/5/2003,1049.710022
11/6/2003,1052.934998
11/7/2003,1057.28003
11/10/2003,1049.61499
11/11/2003,1045.844971
11/12/2003,1052.834961
11/13/2003,1056.289978
11/14/2003,1055.880005
11/17/2003,1042.815003
11/18/2003,1041.38501
11/19/2003,1039.049988
11/20/2003,1039.950012
11/21/2003,1034.384949
11/24/2003,1043.679993
11/25/2003,1053.680054
11/26/2003,1053.36499
11/28/2003,1058.700013
12/1/2003,1064.334961
12/2/2003,1068.219971
12/3/2003,1069.465027
12/4/2003,1066.76001
12/5/2003,1064.904969
12/8/2003,1065.26001
12/9/2003,1065.549988
12/10/2003,1058.215027
12/11/2003,1066.340027
12/12/2003,1071.200013
12/15/2003,1075.39502
12/16/2003,1071.98999
12/17/2003,1073.840027
12/18/2003,1082.98999
12/19/2003,1087.625
12/22/2003,1089.539978
12/23/2003,1094.339966
12/24/2003,1094.565002
12/26/2003,1096.255005
12/29/2003,1102.684998
12/30/2003,1108.080017
12/31/2003,1109.38501
1/2/2004,1111.964966
1/5/2004,1115.349976
1/6/2004,1121.449951
1/7/2004,1121.389954
1/8/2004,1128.415039
1/9/2004,1126.410034
1/12/2004,1124.375
1/13/2004,1122.129944
1/14/2004,1125.984986
1/15/2004,1130.825012
1/16/2004,1135.940003
1/20/2004,1139.165039
1/21/2004,1141.914978
1/22/2004,1146.76001
1/23/2004,1143.580018
1/26/2004,1148.190003
1/27/2004,1149.710022
1/28/2004,1137.820008
1/29/2004,1128.38501
1/30/2004,1130.950012
2/2/2004,1135.159973
2/3/2004,1134.384949
2/4/2004,1130.38501
2/5/2004,1127.804993
2/6/2004,1135.590027
2/9/2004,1141.834961
2/10/2004,1142.859986
2/11/2004,1150.609986
2/12/2004,1154.599976
2/13/2004,1150.059998
2/17/2004,1152.39502
2/18/2004,1153.470032
2/19/2004,1152.709961
2/20/2004,1144.40503
2/23/2004,1141.834961
2/24/2004,1139.485047
2/25/2004,1142.099976
2/26/2004,1142.924988
2/27/2004,1146.740052
3/1/2004,1151.194946
3/2/2004,1151.925049
3/3/2004,1148.109985
3/4/2004,1152.390015
3/5/2004,1156
3/8/2004,1153.454956
3/9/2004,1142.079956
3/10/2004,1131.98999
3/11/2004,1115.914978
3/12/2004,1113.705017
3/15/2004,1111.964966
3/16/2004,1108.184998
3/17/2004,1118.229981
3/18/2004,1119.375
3/19/2004,1116.204956
3/22/2004,1099.660034
3/23/2004,1096.544983
3/24/2004,1092.73999
3/25/2004,1100.854981
3/26/2004,1110.700013
3/29/2004,1116.215027
3/30/2004,1123.630005
3/31/2004,1126.144959
4/1/2004,1130.934998
4/2/2004,1138.490052
4/5/2004,1146.104981
4/6/2004,1146.934998
4/7/2004,1143.285034
4/8/2004,1141.744996
4/12/2004,1143.304993
4/13/2004,1137.73999
4/14/2004,1127.335022
4/15/2004,1127.414978
4/16/2004,1131.850037
4/19/2004,1133.01001
4/20/2004,1128.674988
4/21/2004,1120.875
4/22/2004,1132.359986
4/23/2004,1138.365052
4/26/2004,1138.994995
4/27/2004,1141.045044
4/28/2004,1129.904968
4/29/2004,1118.420044
4/30/2004,1113.244995
5/3/2004,1113.01001
5/4/2004,1120.315003
5/5/2004,1121.484985
5/6/2004,1113.915039
5/7/2004,1107.965027
5/10/2004,1089.164978
5/11/2004,1091.404968
5/12/2004,1086.934998
5/13/2004,1097.265015
5/14/2004,1095.169983
5/17/2004,1087.529968
5/18/2004,1089.099976
5/19/2004,1097.210022
5/20/2004,1089.025025
5/21/2004,1094.414978
5/24/2004,1096.525025
5/25/2004,1102.27002
5/26/2004,1113.309998
5/27/2004,1119.404968
5/28/2004,1120.394959
6/1/2004,1118.009949
6/2/2004,1123.369996
6/3/2004,1120.940003
6/4/2004,1122.90503
6/7/2004,1131.52002
6/8/2004,1138.815003
6/9/2004,1136.675049
6/10/2004,1133.899964
6/14/2004,1129.315003
6/15/2004,1131.325012
6/16/2004,1132.915039
6/17/2004,1130.225037
6/18/2004,1134.394959
6/21/2004,1133.845032
6/22/2004,1129.710022
6/23/2004,1138.440002
6/24/2004,1143.139954
6/25/2004,1140.104981
6/28/2004,1137.159974
6/29/2004,1135.035035
6/30/2004,1138.909973
7/1/2004,1131.950013
7/2/2004,1126.205017
7/6/2004,1119.294983
7/7/2004,1118.64502
7/8/2004,1113.919983
7/9/2004,1112.339966
7/12/2004,1111.409973
7/13/2004,1114.64502
7/14/2004,1113.714966
7/15/2004,1110.650025
7/16/2004,1106.619995
7/19/2004,1101.035035
7/20/2004,1103.989991
7/21/2004,1105.075013
7/22/2004,1091.910034
7/23/2004,1090.200013
7/26/2004,1084.299988
7/27/2004,1090.359985
7/28/2004,1090.505005
7/29/2004,1099.465027
7/30/2004,1100.344971
8/2/2004,1102.969971
8/3/2004,1102.940003
8/4/2004,1097.424988
8/5/2004,1089.38501
8/6/2004,1071.464966
8/9/2004,1066.714966
8/10/2004,1072.130005
8/11/2004,1072.480042
8/12/2004,1069.304993
8/13/2004,1064.149964
8/16/2004,1072.730042
8/17/2004,1083.059998
8/18/2004,1087.050049
8/19/2004,1090.725037
8/20/2004,1094.914978
8/23/2004,1098.065002
8/24/2004,1096.879944
8/25/2004,1099.765015
8/26/2004,1104.619995
8/27/2004,1107.150025
8/30/2004,1103.460022
8/31/2004,1099.479981
9/1/2004,1104.210022
9/2/2004,1112.354981
9/3/2004,1117.184998
9/7/2004,1118.854981
9/8/2004,1119.660035
9/9/2004,1117.460022
9/10/2004,1119.825013
9/13/2004,1126.565003
9/14/2004,1127.089966
9/15/2004,1124.074951
9/16/2004,1123.215027
9/17/2004,1126.820008
9/20/2004,1124.445008
9/21/2004,1126.869995
9/22/2004,1120.985047
9/23/2004,1110.830017
9/24/2004,1111.085022
9/27/2004,1106.674988
9/28/2004,1106.53003
9/29/2004,1111.110047
9/30/2004,1112.995057
10/1/2004,1123.109986
10/4/2004,1135.815003
10/5/2004,1134.950012
10/6/2004,1137.494995
10/7/2004,1136.275025
10/8/2004,1126.554993
10/11/2004,1124.169983
10/12/2004,1120.080018
10/13/2004,1118.320008
10/14/2004,1108.51001
10/15/2004,1107.65503
10/18/2004,1108.894959
10/19/2004,1110.554993
10/20/2004,1099.169983
10/21/2004,1103.669983
10/22/2004,1101.804993
10/25/2004,1093.550049
10/26/2004,1102.955018
10/27/2004,1116.860047
10/28/2004,1125.63501
10/29/2004,1128.01001
11/1/2004,1130.505005
11/2/2004,1134.299988
11/3/2004,1139.054993
11/4/2004,1152.005005
11/5/2004,1165.765015
11/8/2004,1164.544983
11/9/2004,1165.719971
11/10/2004,1165.880005
11/11/2004,1168.855042
11/12/2004,1177.800049
11/15/2004,1182.164978
11/16/2004,1179.565003
11/17/2004,1181.945008
11/18/2004,1182.525024
11/19/2004,1176.594971
11/22/2004,1173.035035
11/23/2004,1175.465027
11/24/2004,1179.699951
11/26/2004,1183.849976
11/29/2004,1179.654968
11/30/2004,1176.235047
12/1/2004,1182.575012
12/2/2004,1190.76001
12/3/2004,1192.584961
12/6/2004,1188.795044
12/7/2004,1184.619995
12/8/2004,1180.559998
12/9/2004,1182.150025
12/10/2004,1188.344971
12/13/2004,1193.369995
12/14/2004,1201.565003
12/15/2004,1203.024963
12/16/2004,1203.190003
12/17/2004,1198.349976
12/20/2004,1198.39502
12/21/2004,1200.290039
12/22/2004,1207.63501
12/23/2004,1211.184998
12/27/2004,1209.525025
12/28/2004,1209.230042
12/29/2004,1212.399964
12/30/2004,1214.940003
12/31/2004,1214.48999
1/3/2005,1209.059998
1/4/2005,1195.614991
1/5/2005,1188.224976
1/6/2005,1187.450013
1/7/2005,1187.179993
1/10/2005,1189.790039
1/11/2005,1185.340027
1/12/2005,1181.78003
1/13/2005,1181.755005
1/14/2005,1181.329956
1/18/2005,1188.039978
1/19/2005,1190.195007
1/20/2005,1179.025025
1/21/2005,1173.634949
1/24/2005,1168.390015
1/25/2005,1169.025025
1/26/2005,1172.184998
1/27/2005,1173.825012
1/28/2005,1170.929993
1/31/2005,1176.714966
2/1/2005,1185.669983
2/2/2005,1192.085022
2/3/2005,1189.414978
2/4/2005,1196.570008
2/7/2005,1201.710022
2/8/2005,1202.63501
2/9/2005,1197.684998
2/10/2005,1195.14502
2/11/2005,1200.830017
2/14/2005,1205.26001
2/15/2005,1208.979981
2/16/2005,1208.75
2/17/2005,1206.034973
2/18/2005,1200.13501
2/22/2005,1193.320007
2/23/2005,1188.840027
2/24/2005,1194.110047
2/25/2005,1205.880005
2/28/2005,1204.75
3/1/2005,1207.924988
3/2/2005,1210.005005
3/3/2005,1210.084961
3/4/2005,1217.614991
3/7/2005,1225.61499
3/8/2005,1222.129944
3/9/2005,1213.045044
3/10/2005,1206.320007
3/11/2005,1205.595032
3/14/2005,1203.169983
3/15/2005,1204.14502
3/16/2005,1191.679993
3/17/2005,1189.809998
3/18/2005,1187.380005
3/21/2005,1184.234985
3/22/2005,1180.609986
3/23/2005,1172.479981
3/24/2005,1175.765015
3/28/2005,1175.665039
3/29/2005,1171.539978
3/30/2005,1173.450012
3/31/2005,1182.01001
4/1/2005,1179.855042
4/4/2005,1173.164978
4/5/2005,1179.840027
4/6/2005,1185.364991
4/7/2005,1187.845032
4/8/2005,1186.440003
4/11/2005,1181.379944
4/12/2005,1180.51001
4/13/2005,1179.580017
4/14/2005,1168.184998
4/15/2005,1151.985047
4/18/2005,1144.360047
4/19/2005,1150.325012
4/20/2005,1145.825012
4/21/2005,1148.724976
4/22/2005,1151.449951
4/25/2005,1158.085022
4/26/2005,1158.315003
4/27/2005,1152.14502
4/28/2005,1149.799988
4/29/2005,1148.079956
5/2/2005,1158.789978
5/3/2005,1161.799988
5/4/2005,1168.590027
5/5/2005,1172.695008
5/6/2005,1174.125
5/9/2005,1174.125
5/10/2005,1170.909973
5/11/2005,1164.739991
5/12/2005,1165.565003
5/13/2005,1154.965027
5/16/2005,1159.695008
5/17/2005,1167.104981
5/18/2005,1180.850037
5/19/2005,1187.789978
5/20/2005,1188.204956
5/23/2005,1193.099976
5/24/2005,1192.580017
5/25/2005,1190.014954
5/26/2005,1194.479981
5/27/2005,1197.420044
5/31/2005,1195.140015
6/1/2005,1198.335022
6/2/2005,1201.545044
6/3/2005,1199.820008
6/6/2005,1195.765015
6/7/2005,1203.054993
6/8/2005,1197.649964
6/9/2005,1196.474976
6/10/2005,1197.715027
6/13/2005,1200.27002
6/14/2005,1203.855042
6/15/2005,1203.369995
6/16/2005,1208.784974
6/17/2005,1215.240052
6/20/2005,1214.875
6/21/2005,1214.494995
6/22/2005,1215.639954
6/23/2005,1208.584961
6/24/2005,1196.174988
6/27/2005,1191.315003
6/28/2005,1196.61499
6/29/2005,1201.384949
6/30/2005,1196.890015
7/1/2005,1194.609986
7/5/2005,1199.414978
7/6/2005,1200.445007
7/7/2005,1191.005005
7/8/2005,1204.964966
7/11/2005,1215.945007
7/12/2005,1221.070008
7/13/2005,1222.049988
7/14/2005,1228.225037
7/15/2005,1226.515015
7/18/2005,1224.525025
7/19/2005,1225.734986
7/20/2005,1229.735047
7/21/2005,1230.264954
7/22/2005,1230.169983
7/25/2005,1233.255005
7/26/2005,1231.725037
7/27/2005,1233.89502
7/28/2005,1240.480042
7/29/2005,1239.610047
8/1/2005,1236.450013
8/2/2005,1240.019959
8/3/2005,1243.214966
8/4/2005,1240.095032
8/5/2005,1230.73999
8/8/2005,1227.475037
8/9/2005,1228.619995
8/10/2005,1234.634949
8/11/2005,1233.070008
8/12/2005,1231.840027
8/15/2005,1231.219971
8/16/2005,1226.460022
8/17/2005,1221.849976
8/18/2005,1219.285035
8/19/2005,1222.049988
8/22/2005,1222.714966
8/23/2005,1218.73999
8/24/2005,1216.76001
8/25/2005,1211.649963
8/26/2005,1208.315002
8/29/2005,1207.905029
8/30/2005,1206.674988
8/31/2005,1212.380005
9/1/2005,1221.735047
9/2/2005,1221.099976
9/6/2005,1225.815003
9/7/2005,1233.995057
9/8/2005,1232.934998
9/9/2005,1237.400025
9/12/2005,1240.875
9/13/2005,1235.884949
9/14/2005,1230.450012
9/15/2005,1228.364991
9/16/2005,1233.184998
9/19/2005,1232.780029
9/20/2005,1228.279968
9/21/2005,1215.705018
9/22/2005,1210.994996
9/23/2005,1214.315003
9/26/2005,1217.200013
9/27/2005,1215.640015
9/28/2005,1216.849976
9/29/2005,1220.119995
9/30/2005,1227.394959
10/3/2005,1229.244995
10/4/2005,1221.950013
10/5/2005,1205.359986
10/6/2005,1192.03003
10/7/2005,1195.584961
10/10/2005,1191.320008
10/11/2005,1188.130005
10/12/2005,1181.835022
10/13/2005,1173.880005
10/14/2005,1181.284973
10/17/2005,1187.844971
10/18/2005,1184.114991
10/19/2005,1183.15503
10/20/2005,1185.300049
10/21/2005,1180.690003
10/24/2005,1189.489991
10/25/2005,1195.295044
10/26/2005,1197.695008
10/27/2005,1185.77002
10/28/2005,1188.655029
10/31/2005,1204.920044
11/1/2005,1204.5
11/2/2005,1208.119995
11/3/2005,1219.729981
11/4/2005,1218.484986
11/7/2005,1220.735047
11/8/2005,1219.445008
11/9/2005,1221.559998
11/10/2005,1223.730042
11/11/2005,1233.209961
11/14/2005,1234.48999
11/15/2005,1232.174988
11/16/2005,1229.710022
11/17/2005,1237.084961
11/18/2005,1245.144959
11/21/2005,1251.39502
11/22/2005,1256.650024
11/23/2005,1265.075013
11/25/2005,1267.160034
11/28/2005,1262.804993
11/29/2005,1261.820008
11/30/2005,1255.160035
12/1/2005,1257.825012
12/2/2005,1264.13501
12/5/2005,1261.599976
12/6/2005,1267.489991
12/7/2005,1258.934998
12/8/2005,1257.13501
12/9/2005,1258.659973
12/12/2005,1259.690003
12/13/2005,1265.335022
12/14/2005,1271.434998
12/15/2005,1271.455017
12/16/2005,1271.279968
12/19/2005,1264.89502
12/20/2005,1260.534973
12/21/2005,1264.494995
12/22/2005,1265.344971
12/23/2005,1267.840027
12/27/2005,1264.184998
12/28/2005,1258.820008
12/29/2005,1257.39502
12/30/2005,1250.505005
1/3/2006,1257.979981
1/4/2006,1271.554993
1/5/2006,1273.605042
1/6/2006,1279.784973
1/9/2006,1287.799988
1/10/2006,1286.955017
1/11/2006,1291.51001
1/12/2006,1289.610047
1/13/2006,1285.869995
1/17/2006,1283.109985
1/18/2006,1277.505005
1/19/2006,1282.860047
1/20/2006,1272.980042
1/23/2006,1264.839966
1/24/2006,1267.644959
1/25/2006,1265.64502
1/26/2006,1270.559998
1/27/2006,1280.104981
1/30/2006,1285.724976
1/31/2006,1281.024964
2/1/2006,1280.449951
2/2/2006,1275.089966
2/3/2006,1265.945008
2/6/2006,1264.330017
2/7/2006,1259.695007
2/8/2006,1260.625
2/9/2006,1268.680054
2/10/2006,1262.434998
2/13/2006,1262.664978
2/14/2006,1269.505005
2/15/2006,1276.03003
2/16/2006,1284.695008
2/17/2006,1286.769959
2/21/2006,1286.625
2/22/2006,1288.600037
2/23/2006,1289.489991
2/24/2006,1288.86499
2/27/2006,1293.5
2/28/2006,1286.390015
3/1/2006,1286.230042
3/2/2006,1287.224976
3/3/2006,1290.764954
3/6/2006,1281.950012
3/7/2006,1274.684998
3/8/2006,1274.375
3/9/2006,1277.484985
3/10/2006,1277.73999
3/13/2006,1284.474976
3/14/2006,1290.40503
3/15/2006,1299.684998
3/16/2006,1306.734986
3/17/2006,1307.554993
3/20/2006,1306.794983
3/21/2006,1303.349976
3/22/2006,1300.890015
3/23/2006,1301.575012
3/24/2006,1302.710022
3/27/2006,1301.414978
3/28/2006,1299.039978
3/29/2006,1299.414978
3/30/2006,1303.434998
3/31/2006,1298.934998
4/3/2006,1302.919983
4/4/2006,1301.130005
4/5/2006,1308.815003
4/6/2006,1307.214966
4/7/2006,1304.125
4/10/2006,1296.955017
4/11/2006,1291.834961
4/12/2006,1288.690003
4/13/2006,1287.729981
4/17/2006,1286.594971
4/18/2006,1297.174988
4/19/2006,1306.590027
4/20/2006,1312.27002
4/21/2006,1312.130005
4/24/2006,1307.535034
4/25/2006,1304.980042
4/26/2006,1306.354981
4/27/2006,1305.284973
4/28/2006,1311.100037
5/1/2006,1310.334961
5/2/2006,1309.424988
5/3/2006,1308.695008
5/4/2006,1311.494996
5/5/2006,1319.390015
5/8/2006,1324.784973
5/9/2006,1324.539978
5/10/2006,1321.474976
5/11/2006,1313.039978
5/12/2006,1298.130005
5/15/2006,1289.660035
5/16/2006,1293.195008
5/17/2006,1279.52002
5/18/2006,1268.320008
5/19/2006,1264.215027
5/22/2006,1260.875
5/23/2006,1264.910034
5/24/2006,1254.934998
5/25/2006,1265.835022
5/26/2006,1276.52002
5/30/2006,1269.955017
5/31/2006,1264.734986
6/1/2006,1277.449951
6/2/2006,1285.450013
6/5/2006,1276.410034
6/6/2006,1262.169983
6/7/2006,1264.119996
6/8/2006,1247.515015
6/9/2006,1256.304993
6/12/2006,1245.825013
6/13/2006,1232.945008
6/14/2006,1225.375
6/15/2006,1244.325013
6/16/2006,1251.299988
6/19/2006,1246.550049
6/20/2006,1243.940003
6/21/2006,1249.024964
6/22/2006,1246.725037
6/23/2006,1247.28003
6/26/2006,1247.300049
6/27/2006,1246.154968
6/28/2006,1242.325013
6/29/2006,1259.409973
6/30/2006,1273.25
7/3/2006,1275.220032
7/5/2006,1272.980042
7/6/2006,1274.449951
7/7/2006,1269.255005
7/10/2006,1269.26001
7/11/2006,1266.64502
7/12/2006,1265.300049
7/13/2006,1250.005005
7/14/2006,1235.574951
7/17/2006,1235.779968
7/18/2006,1232.200012
7/19/2006,1249.275025
7/20/2006,1255.845032
7/21/2006,1244.839966
7/24/2006,1251.375
7/25/2006,1264.789978
7/26/2006,1267.914978
7/27/2006,1268.88501
7/28/2006,1271.785034
7/31/2006,1276.485047
8/1/2006,1272.184998
8/2/2006,1277.075012
8/3/2006,1277.604981
8/4/2006,1283.369995
8/7/2006,1276.15503
8/8/2006,1275.559998
8/9/2006,1274.234985
8/10/2006,1266.925049
8/11/2006,1266.859986
8/14/2006,1272.785034
8/15/2006,1277.209961
8/16/2006,1290.739991
8/17/2006,1296.744995
8/18/2006,1297.934998
8/21/2006,1298.90503
8/22/2006,1298.464966
8/23/2006,1295.659973
8/24/2006,1294.315002
8/25/2006,1295.63501
8/28/2006,1299.494996
8/29/2006,1300.15503
8/30/2006,1304.445007
8/31/2006,1304.279968
9/1/2006,1307.915039
9/5/2006,1311.744995
9/6/2006,1306.160034
9/7/2006,1296.690003
9/8/2006,1297.080018
9/11/2006,1296.64502
9/12/2006,1306.905029
9/13/2006,1315.52002
9/14/2006,1315.625
9/15/2006,1320.465027
9/18/2006,1321.515015
9/19/2006,1317.105042
9/20/2006,1323.405029
9/21/2006,1321.819946
9/22/2006,1314.484985
9/25/2006,1320.464966
9/26/2006,1330.950013
9/27/2006,1336.809998
9/28/2006,1337.015015
9/29/2006,1337.76001
10/2/2006,1334.410034
10/3/2006,1332.705018
10/4/2006,1340.839966
10/5/2006,1350.77002
10/6/2006,1348.714966
10/9/2006,1349.619995
10/10/2006,1351.414978
10/11/2006,1348.769959
10/12/2006,1356.849976
10/13/2006,1363.565003
10/16/2006,1367.339966
10/17/2006,1362.960022
10/18/2006,1366.909973
10/19/2006,1365.075013
10/20/2006,1365.380005
10/23/2006,1370.669983
10/24/2006,1375.100037
10/25/2006,1379.804993
10/26/2006,1384.459961
10/27/2006,1382.369996
10/30/2006,1377.339966
10/31/2006,1376.699951
11/1/2006,1374.104981
11/2/2006,1365.299988
11/3/2006,1366.330017
11/6/2006,1372.835022
11/7/2006,1383.689941
11/8/2006,1383.969971
11/9/2006,1383.115052
11/10/2006,1378.320008
11/13/2006,1383.205017
11/14/2006,1386.779968
11/15/2006,1396.739991
11/16/2006,1400.14502
11/17/2006,1397.880005
11/20/2006,1401.109986
11/21/2006,1401.73999
11/22/2006,1405.075013
11/24/2006,1402.594971
11/27/2006,1391.194946
11/28/2006,1382.869995
11/29/2006,1393.625
11/30/2006,1400.065003
12/1/2006,1394.195008
12/4/2006,1403.950012
12/5/2006,1412.025025
12/6/2006,1413.490052
12/7/2006,1412.535035
12/8/2006,1408.880005
12/11/2006,1412.080018
12/12/2006,1409.265015
12/13/2006,1413.845032
12/14/2006,1420.195007
12/15/2006,1428.554993
12/18/2006,1426.230042
12/19/2006,1421.590027
12/20/2006,1426.28003
12/21/2006,1421.150024
12/22/2006,1414.549988
12/26/2006,1414.179993
12/27/2006,1422.174988
12/28/2006,1424.65503
12/29/2006,1421.919983
1/3/2007,1418.640015
1/4/2007,1415.13501
1/5/2007,1412.044983
1/8/2007,1409.474976
1/9/2007,1410.515015
1/10/2007,1410.654968
1/11/2007,1420.979981
1/12/2007,1426.904968
1/16/2007,1431.275025
1/17/2007,1431.919983
1/18/2007,1428.584961
1/19/2007,1428.379944
1/22/2007,1425.89502
1/23/2007,1426.494995
1/24/2007,1434.049988
1/25/2007,1431.514954
1/26/2007,1422.114991
1/29/2007,1422.699951
1/30/2007,1424.714966
1/31/2007,1433.195007
2/1/2007,1442.27002
2/2/2007,1446.909973
2/5/2007,1446.614991
2/6/2007,1446.794983
2/7/2007,1449.714966
2/8/2007,1446.630005
2/9/2007,1442.944946
2/12/2007,1435.274963
2/13/2007,1438.815003
2/14/2007,1450.780029
2/15/2007,1455.579956
2/16/2007,1454.169983
2/20/2007,1454.86499
2/21/2007,1455.809998
2/22/2007,1456.039978
2/23/2007,1452.289978
2/26/2007,1451.214966
2/27/2007,1419.335022
2/28/2007,1406.27002
3/1/2007,1395.164978
3/2/2007,1395.13501
3/5/2007,1382.914978
3/6/2007,1385.980042
3/7/2007,1395.900025
3/8/2007,1399.90503
3/9/2007,1403.725037
3/12/2007,1403.869995
3/13/2007,1391.969971
3/14/2007,1376.034973
3/15/2007,1390.445007
3/16/2007,1390.570008
3/19/2007,1395.074951
3/20/2007,1406.11499
3/21/2007,1423.76001
3/22/2007,1433.77002
3/23/2007,1436.049988
3/26/2007,1430.465027
3/27/2007,1431.515015
3/28/2007,1421.209961
3/29/2007,1419.755005
3/30/2007,1419.059998
4/2/2007,1420.929993
4/3/2007,1432.419983
4/4/2007,1437.619995
4/5/2007,1440.775025
4/9/2007,1445.690003
4/10/2007,1446.359985
4/11/2007,1442.27002
4/12/2007,1440.965027
4/13/2007,1448.630005
4/16/2007,1460.729981
4/17/2007,1470.75
4/18/2007,1471.48999
4/19/2007,1469.349976
4/20/2007,1477.714966
4/23/2007,1483.754944
4/24/2007,1478.779968
4/25/2007,1488.434998
4/26/2007,1494.595032
4/27/2007,1492.994995
4/30/2007,1489.725037
5/1/2007,1481.984986
5/2/2007,1492.614991
5/3/2007,1499.450013
5/4/2007,1506.070008
5/7/2007,1508.27002
5/8/2007,1505.01001
5/9/2007,1508.785035
5/10/2007,1501.875
5/11/2007,1498.854981
5/14/2007,1504.619995
5/15/2007,1507.630005
5/16/2007,1507.450012
5/17/2007,1513.215027
5/18/2007,1517.744995
5/21/2007,1526.289978
5/22/2007,1525.64502
5/23/2007,1527.165039
5/24/2007,1517.245057
5/25/2007,1512.455017
5/29/2007,1516.910035
5/30/2007,1520.14502
5/31/2007,1531.910035
6/1/2007,1535.590027
6/4/2007,1536.420044
6/5/2007,1532.369995
6/6/2007,1522.349976
6/7/2007,1503.86499
6/8/2007,1497.585022
6/11/2007,1509.440003
6/12/2007,1502.149964
6/13/2007,1504.174988
6/14/2007,1521.014954
6/15/2007,1530.839966
6/18/2007,1532.375
6/19/2007,1530.76001
6/20/2007,1524.839966
6/21/2007,1513.825012
6/22/2007,1511.464966
6/25/2007,1503.485047
6/26/2007,1498.330017
6/27/2007,1495.490052
6/28/2007,1509.125
6/29/2007,1505.570007
7/2/2007,1512.054993
7/3/2007,1522.565003
7/5/2007,1522.144959
7/6/2007,1526.434998
7/9/2007,1530.854981
7/10/2007,1520.929993
7/11/2007,1512.719971
7/12/2007,1533.330017
7/13/2007,1549.974976
7/16/2007,1551.294983
7/17/2007,1551.529968
7/18/2007,1541.434998
7/19/2007,1550.664978
7/20/2007,1541.194946
7/23/2007,1540.64502
7/24/2007,1525.094971
7/25/2007,1514.02002
7/26/2007,1491.695008
7/27/2007,1473.73999
7/30/2007,1466.099976
7/31/2007,1471.275025
8/1/2007,1453.984986
8/2/2007,1468.505005
8/3/2007,1453.015015
8/6/2007,1447.53003
8/7/2007,1472.050049
8/8/2007,1490.054993
8/9/2007,1475.149964
8/10/2007,1445.880005
8/13/2007,1458.915039
8/14/2007,1441.469971
8/15/2007,1422.570007
8/16/2007,1393.284974
8/17/2007,1430.794983
8/20/2007,1441.14502
8/21/2007,1447.539978
8/22/2007,1455.945007
8/23/2007,1462.970032
8/24/2007,1469.970032
8/27/2007,1472.669983
8/28/2007,1449.364991
8/29/2007,1447.88501
8/30/2007,1459.840027
8/31/2007,1469.539978
9/4/2007,1484.275024
9/5/2007,1477.549988
9/6/2007,1474.450012
9/7/2007,1463.809998
9/10/2007,1450.77002
9/11/2007,1462.084961
9/12/2007,1472.625
9/13/2007,1480.524964
9/14/2007,1479.585022
9/17/2007,1478.029968
9/18/2007,1498.26001
9/19/2007,1529.244995
9/20/2007,1522.78003
9/21/2007,1524.820008
9/24/2007,1523.165039
9/25/2007,1512.700013
9/26/2007,1524.005005
9/27/2007,1529.13501
9/28/2007,1527.86499
10/1/2007,1538.13501
10/2/2007,1544.190003
10/3/2007,1541.089966
10/4/2007,1540.825013
10/5/2007,1552.875
10/8/2007,1552.755005
10/9/2007,1558.539978
10/10/2007,1560.440003
10/11/2007,1561.404969
10/12/2007,1558.559998
10/15/2007,1552.775025
10/16/2007,1542.050049
10/17/2007,1538.335022
10/18/2007,1537.275025
10/19/2007,1520.130005
10/22/2007,1499.230042
10/23/2007,1511.809998
10/24/2007,1503.39502
10/25/2007,1511.849976
10/26/2007,1527.855042
10/29/2007,1540.550049
10/30/2007,1534.485047
10/31/2007,1541.080017
11/1/2007,1526.225037
11/2/2007,1502.840027
11/5/2007,1500.394959
11/6/2007,1509.919983
11/7/2007,1495.25
11/8/2007,1466.40503
11/9/2007,1461.299988
11/12/2007,1451.734985
11/13/2007,1461.359986
11/14/2007,1479.304993
11/15/2007,1458.080017
11/16/2007,1453.085022
11/19/2007,1443.559998
11/20/2007,1435.960022
11/21/2007,1426.02002
11/23/2007,1429.23999
11/26/2007,1426.094971
11/27/2007,1418.460022
11/28/2007,1452.284973
11/29/2007,1466.085022
11/30/2007,1479.914978
12/3/2007,1475.619995
12/4/2007,1466
12/5/2007,1475.654969
12/6/2007,1495.104981
12/7/2007,1506.64502
12/10/2007,1511.614991
12/11/2007,1499.779968
12/12/2007,1490.094971
12/13/2007,1479.304993
12/14/2007,1477.225037
12/17/2007,1455.240052
12/18/2007,1447.905029
12/19/2007,1454.865052
12/20/2007,1454.375
12/21/2007,1474.294983
12/24/2007,1491.090027
12/26/2007,1493.524964
12/27/2007,1485.455017
12/28/2007,1479.854981
12/31/2007,1470.479981
1/2/2008,1456.919983
1/3/2008,1450.265015
1/4/2008,1427.599976
1/7/2008,1413.659973
1/8/2008,1409.290039
1/9/2008,1393.944946
1/10/2008,1412.200013
1/11/2008,1407.369995
1/14/2008,1410.400025
1/15/2008,1396.239991
1/16/2008,1378.130005
1/17/2008,1354.195008
1/18/2008,1331.39502
1/22/2008,1298.190003
1/23/2008,1304.570008
1/24/2008,1344.730042
1/25/2008,1348.03003
1/28/2008,1338.114991
1/29/2008,1357.559998
1/30/2008,1369.404968
1/31/2008,1359.849976
2/1/2008,1385.975037
2/4/2008,1387.534973
2/5/2008,1358.460022
2/6/2008,1338.149964
2/7/2008,1331.955017
2/8/2008,1331.140015
2/11/2008,1330.859985
2/12/2008,1350.729981
2/13/2008,1360.005005
2/14/2008,1357.735047
2/15/2008,1344.065003
2/19/2008,1356.165039
2/20/2008,1350.130005
2/21/2008,1353.639954
2/22/2008,1340.670044
2/25/2008,1360.195007
2/26/2008,1375.315003
2/27/2008,1380.169983
2/28/2008,1370.660034
2/29/2008,1344.744995
3/3/2008,1327.585022
3/4/2008,1319.210022
3/5/2008,1332.204956
3/6/2008,1317.809998
3/7/2008,1297.835022
3/10/2008,1283.835022
3/11/2008,1297.525024
3/12/2008,1320.559998
3/13/2008,1301.89502
3/14/2008,1298.164978
3/17/2008,1272.23999
3/18/2008,1303.950012
3/19/2008,1319.965027
3/20/2008,1312.945008
3/24/2008,1344.985047
3/25/2008,1349.339966
3/26/2008,1344.429993
3/27/2008,1335.640015
3/28/2008,1323.909973
3/31/2008,1320.66504
4/1/2008,1348.295044
4/2/2008,1369.75
4/3/2008,1367.170044
4/4/2008,1371.869995
4/7/2008,1377.880005
4/8/2008,1365.390015
4/9/2008,1359.179993
4/10/2008,1358.674988
4/11/2008,1344.594971
4/14/2008,1330.900025
4/15/2008,1331.034974
4/16/2008,1351.255005
4/17/2008,1362.924988
4/18/2008,1382.450012
4/21/2008,1384.73999
4/22/2008,1378.13501
4/23/2008,1380.054993
4/24/2008,1384.404969
4/25/2008,1389.544983
4/28/2008,1398.650024
4/29/2008,1391.849976
4/30/2008,1394.409973
5/1/2008,1396.569946
5/2/2008,1414.484986
5/5/2008,1409.854981
5/6/2008,1409.334961
5/7/2008,1405.350037
5/8/2008,1395.869996
5/9/2008,1389.505005
5/12/2008,1395.130005
5/13/2008,1401.28003
5/14/2008,1412.919983
5/15/2008,1415.63501
5/16/2008,1420.084961
5/19/2008,1430.934998
5/20/2008,1416.789978
5/21/2008,1403.965027
5/22/2008,1394.649963
5/23/2008,1382.959961
5/27/2008,1380.234985
5/28/2008,1384.705017
5/29/2008,1397.454956
5/30/2008,1401.269959
6/2/2008,1388.705017
6/3/2008,1381.619995
6/4/2008,1379.960022
6/5/2008,1390.765015
6/6/2008,1379.980042
6/9/2008,1360.625
6/10/2008,1359.200013
6/11/2008,1346.279969
6/12/2008,1342.160034
6/13/2008,1350.869995
6/16/2008,1358.384949
6/17/2008,1358.565003
6/18/2008,1341.494995
6/19/2008,1339.080017
6/20/2008,1327.739991
6/23/2008,1319.545044
6/24/2008,1315.220032
6/25/2008,1325.085022
6/26/2008,1299.720032
6/27/2008,1280.724976
6/30/2008,1282.585022
7/1/2008,1272.995057
7/2/2008,1276.840027
7/3/2008,1261.744995
7/7/2008,1257.315003
7/8/2008,1258.505005
7/9/2008,1260.964966
7/10/2008,1247.205017
7/11/2008,1241.309998
7/14/2008,1239.255005
7/15/2008,1217.394959
7/16/2008,1228.455018
7/17/2008,1251.900025
7/18/2008,1257.02002
7/21/2008,1261.719971
7/22/2008,1263.125
7/23/2008,1283.615052
7/24/2008,1267.349976
7/25/2008,1257.48999
7/28/2008,1247.229981
7/29/2008,1249.789978
7/30/2008,1274.424988
7/31/2008,1275.450013
8/1/2008,1262.53003
8/4/2008,1253.969971
8/5/2008,1269.775025
8/6/2008,1283.835022
8/7/2008,1275.400025
8/8/2008,1279.979981
8/11/2008,1302.280029
8/12/2008,1295.215027
8/13/2008,1284.445007
8/14/2008,1288.474976
8/15/2008,1296.39502
8/18/2008,1287.364991
8/19/2008,1269.880005
8/20/2008,1268.585022
8/21/2008,1273.309998
8/22/2008,1285.339966
8/25/2008,1277.669983
8/26/2008,1269.429993
8/27/2008,1277.540039
8/28/2008,1292.235047
8/29/2008,1290.164978
9/2/2008,1287.619995
9/3/2008,1273.094971
9/4/2008,1252.315003
9/5/2008,1231.084961
9/8/2008,1260.77002
9/9/2008,1246.585022
9/10/2008,1232.75
9/11/2008,1230.76001
9/12/2008,1244.450013
9/15/2008,1221.809998
9/16/2008,1192.059998
9/17/2008,1183.109986
9/18/2008,1172.320008
9/19/2008,1239.11499
9/22/2008,1230.48999
9/23/2008,1204.105042
9/24/2008,1188.600037
9/25/2008,1203.950012
9/26/2008,1201.65503
9/29/2008,1157.744995
9/30/2008,1140.905029
10/1/2008,1153.900025
10/2/2008,1136.035035
10/3/2008,1125.979981
10/6/2008,1052.765015
10/7/2008,1034.570007
10/8/2008,996.0149845
10/9/2008,957.220001
10/10/2008,888.0799865
10/13/2008,959.8399965
10/14/2008,1008.190033
10/15/2008,949.294983
10/16/2008,906.7700195
10/17/2008,951.6900025
10/20/2008,964.455017
10/21/2008,968.9549865
10/22/2008,913.7399905
10/23/2008,890.6350095
10/24/2008,874.574982
10/27/2008,870.2650145
10/28/2008,892.890015
10/29/2008,946.1149905
10/30/2008,945.86499
10/31/2008,964.485016
11/3/2008,967.195007
11/4/2008,989.410004
11/5/2008,975.850006
11/6/2008,926.065002
11/7/2008,919.180023
11/10/2008,929.7099915
11/11/2008,901.025024
11/12/2008,871.9349975
11/13/2008,865.850006
11/14/2008,893.380005
11/17/2008,865.634979
11/18/2008,846.3700255
11/19/2008,835.375
11/20/2008,784.1500245
11/21/2008,771.110016
11/24/2008,833.399994
11/25/2008,851.964996
11/26/2008,864.524994
11/28/2008,888.730011
12/1/2008,852.1499935
12/2/2008,834.23999
12/3/2008,850.3599855
12/4/2008,854.599976
12/5/2008,848.914978
12/8/2008,900.6400145
12/9/2008,900.8200075
12/10/2008,896.860016
12/11/2008,886.6799925
12/12/2008,867.294983
12/15/2008,871.174988
12/16/2008,893.095001
12/17/2008,907.394989
12/18/2008,894.230011
12/19/2008,894.2449955
12/22/2008,872.230011
12/23/2008,870.269989
12/24/2008,865.61499
12/26/2008,870.130005
12/29/2008,865.3850095
12/30/2008,880.850006
12/31/2008,899.994995
1/2/2009,917.039978
1/5/2009,928.080017
1/6/2009,935.5650025
1/7/2009,914.9100035
1/8/2009,903.404999
1/9/2009,900.1199955
1/12/2009,877.3600155
1/13/2009,869.52002
1/14/2009,852.105011
1/15/2009,834.3150025
1/16/2009,844.394989
1/20/2009,827.054993
1/21/2009,823.0099795
1/22/2009,825.514984
1/23/2009,822.339996
1/26/2009,840.1100155
1/27/2009,842.925018
1/28/2009,861.7949825
1/29/2009,856.5200195
1/30/2009,836.664978
2/2/2009,821.825012
2/3/2009,832.289978
2/4/2009,840.5149845
2/5/2009,835.2299805
2/6/2009,858.0849915
2/9/2009,868.330017
2/10/2009,845.519989
2/11/2009,830.2599795
2/12/2009,821.769989
2/13/2009,832.3200075
2/17/2009,803.889984
2/18/2009,788.299988
2/19/2009,787.305023
2/20/2009,766.470001
2/23/2009,760.1099855
2/24/2009,760.089996
2/25/2009,766.505005
2/26/2009,765.5849915
2/27/2009,742.89502
3/2/2009,714.6350095
3/3/2009,701.9849855
3/4/2009,711.3599855
3/5/2009,693.1000065
3/6/2009,682.9400025
3/9/2009,684.0750125
3/10/2009,699.4400025
3/11/2009,722.8849795
3/12/2009,733.6950075
3/13/2009,750.375
3/16/2009,763.950012
3/17/2009,764.024994
3/18/2009,784.3399965
3/19/2009,792.5299985
3/20/2009,777.5549925
3/23/2009,797.8399965
3/24/2009,814.565002
3/25/2009,809.075012
3/26/2009,823.519989
3/27/2009,821.054993
3/30/2009,794.4400025
3/31/2009,800.6799925
4/1/2009,798.470001
4/2/2009,830.070007
4/3/2009,834.600006
4/6/2009,831.269989
4/7/2009,824.325012
4/8/2009,821.630005
4/9/2009,843.0999755
4/13/2009,854.829987
4/14/2009,848.5650025
4/15/2009,844.255005
4/16/2009,858.694977
4/17/2009,868.25
4/20/2009,850.3300175
4/21/2009,838.460022
4/22/2009,851.175018
4/23/2009,844.1600035
4/24/2009,862.8549805
4/27/2009,861.7400205
4/28/2009,855.7999875
4/29/2009,869.454987
4/30/2009,878.605011
5/1/2009,873.289978
5/4/2009,893.529999
5/5/2009,902.5200195
5/6/2009,912.1150205
5/7/2009,915.470001
5/8/2009,919.600006
5/11/2009,915.8349915
5/12/2009,906.0150145
5/13/2009,894.100006
5/14/2009,890.4400025
5/15/2009,887.9549865
5/18/2009,898.0350035
5/19/2009,910.804993
5/20/2009,912.9849855
5/21/2009,890.014984
5/22/2009,890.200012
5/26/2009,896.610016
5/27/2009,902.855011
5/28/2009,898.524994
5/29/2009,911.790009
6/1/2009,935.515015
6/2/2009,943.9200135
6/3/2009,933.179993
6/4/2009,935.894989
6/5/2009,942.9100035
6/8/2009,936.3850095
6/9/2009,941.5350035
6/10/2009,938.8699955
6/11/2009,947.634979
6/12/2009,940.9799805
6/15/2009,931.050018
6/16/2009,919.799988
6/17/2009,911.1100155
6/18/2009,914.9349975
6/19/2009,921.4450075
6/22/2009,905.5849915
6/23/2009,893.7749935
6/24/2009,903.579987
6/25/2009,908.8450015
6/26/2009,917.5150145
6/29/2009,922.0849915
6/30/2009,921.4349975
7/1/2009,926.369995
7/2/2009,908.8299865
7/6/2009,892.539978
7/7/2009,889.2649845
7/8/2009,878.0599975
7/9/2009,883.1549985
7/10/2009,878.1900025
7/13/2009,888.1849975
7/14/2009,901.1700135
7/15/2009,922.050018
7/16/2009,935.705017
7/17/2009,938.2700195
7/20/2009,946.3049925
7/21/2009,949.875
7/22/2009,953.7900085
7/23/2009,966.3450015
7/24/2009,972.869995
7/27/2009,977.389984
7/28/2009,975.849976
7/29/2009,973.205017
7/30/2009,986.3450015
7/31/2009,988.0149845
8/3/2009,996.914978
8/4/2009,1001.899994
8/5/2009,1000.475007
8/6/2009,1000.244995
8/7/2009,1008.915009
8/10/2009,1005.554993
8/11/2009,999.085022
8/12/2009,1003.070007
8/13/2009,1006.980011
8/14/2009,1003.599976
8/17/2009,988.3450015
8/18/2009,985.9100035
8/19/2009,990.11499
8/20/2009,1002.654999
8/21/2009,1018.324982
8/24/2009,1029.149963
8/25/2009,1031.979981
8/26/2009,1027.019989
8/27/2009,1024.764984
8/28/2009,1031.299988
8/31/2009,1019.914978
9/1/2009,1012.36499
9/2/2009,996.154999
9/3/2009,997.8399965
9/4/2009,1009.065002
9/8/2009,1022.369965
9/9/2009,1030.154969
9/10/2009,1036.090027
9/11/2009,1043.290039
9/14/2009,1042.369995
9/15/2009,1049.730042
9/16/2009,1060.815003
9/17/2009,1067.984986
9/18/2009,1067.89502
9/21/2009,1062.369995
9/22/2009,1070.080018
9/23/2009,1070.27002
9/24/2009,1056.070008
9/25/2009,1047.320008
9/28/2009,1055.255005
9/29/2009,1063.724976
9/30/2009,1054.934998
10/1/2009,1042.179993
10/2/2009,1025.274994
10/5/2009,1034.25
10/6/2009,1051.285035
10/7/2009,1054.059998
10/8/2009,1065.350037
10/9/2009,1067.255005
10/12/2009,1075.544983
10/13/2009,1071.005005
10/14/2009,1085.925049
10/15/2009,1091.485047
10/16/2009,1088.100037
10/19/2009,1093.325012
10/20/2009,1092.400025
10/21/2009,1091.065003
10/22/2009,1084.76001
10/23/2009,1085.659973
10/26/2009,1078.48999
10/27/2009,1066.549988
10/28/2009,1052.724976
10/29/2009,1055.259949
10/30/2009,1049.39502
11/2/2009,1040.78003
11/3/2009,1040.149963
11/4/2009,1053.075012
11/5/2009,1056.975037
11/6/2009,1065.399963
11/9/2009,1082.75
11/10/2009,1091.910034
11/11/2009,1099.590027
11/12/2009,1093.434998
11/13/2009,1091.559998
11/16/2009,1103.909973
11/17/2009,1106.354981
11/18/2009,1106.899964
11/19/2009,1097.419983
11/20/2009,1090.735047
11/23/2009,1103.619995
11/24/2009,1102.595032
11/25/2009,1107.965027
11/27/2009,1094.604981
11/30/2009,1091.744995
12/1/2009,1105.585022
12/2/2009,1110.434998
12/3/2009,1108.01001
12/4/2009,1107.825013
12/7/2009,1105.774964
12/8/2009,1095.825012
12/9/2009,1091.465027
12/10/2009,1102.469971
12/11/2009,1104.919983
12/14/2009,1111.299988
12/15/2009,1109.729981
12/16/2009,1112.084961
12/17/2009,1101.119995
12/18/2009,1098.809998
12/21/2009,1111.495057
12/22/2009,1117.390015
12/23/2009,1118.789978
12/24/2009,1123.779968
12/28/2009,1126.945008
12/29/2009,1128.229981
12/30/2009,1124.179993
12/31/2009,1121.225037
1/4/2010,1125.215027
1/5/2010,1133.14502
1/6/2010,1136.569946
1/7/2010,1136.889954
1/8/2010,1140.804993
1/11/2010,1145.880005
1/12/2010,1137.79004
1/13/2010,1140.790039
1/14/2010,1147.105042
1/15/2010,1139.580018
1/19/2010,1143.109986
1/20/2010,1138.599976
1/21/2010,1128.209961
1/22/2010,1102.835022
1/25/2010,1097.684998
1/26/2010,1096.774963
1/27/2010,1091.309998
1/28/2010,1089.339966
1/29/2010,1084.019959
2/1/2010,1081.63501
2/2/2010,1096.344971
2/3/2010,1098.344971
2/4/2010,1080.015015
2/5/2010,1055.815003
2/8/2010,1063.854981
2/9/2010,1069.670044
2/10/2010,1066.505005
2/11/2010,1070.315003
2/12/2010,1070.390015
2/16/2010,1087.400025
2/17/2010,1097.875
2/18/2010,1102.859985
2/19/2010,1106.610047
2/22/2010,1108.835022
2/23/2010,1100.380005
2/24/2010,1100.960022
2/25/2010,1094.76001
2/26/2010,1102.400025
3/1/2010,1110.734985
3/2/2010,1119.984986
3/3/2010,1121.109986
3/4/2010,1120.195007
3/5/2010,1132.25
3/8/2010,1138.910035
3/9/2010,1140.13501
3/10/2010,1144.174988
3/11/2010,1144.61499
3/12/2010,1150.190003
3/15/2010,1146.214966
3/16/2010,1155.315003
3/17/2010,1164.889954
3/18/2010,1164.465027
3/19/2010,1162.264954
3/22/2010,1160.349976
3/23/2010,1169.274964
3/24/2010,1169.525025
3/25/2010,1172.889954
3/26/2010,1167.705017
3/29/2010,1171.279969
3/30/2010,1173.375
3/31/2010,1170.16504
4/1/2010,1176.059998
4/5/2010,1183.219971
4/6/2010,1187.285035
4/7/2010,1183.424988
4/8/2010,1181.835022
4/9/2010,1190.905029
4/12/2010,1196.954956
4/13/2010,1193.929993
4/14/2010,1204.669983
4/15/2010,1211.210022
4/16/2010,1198.470032
4/19/2010,1190.775025
4/20/2010,1203.809998
4/21/2010,1204.919983
4/22/2010,1200.229981
4/23/2010,1211.190003
4/26/2010,1215.434998
4/27/2010,1196.5
4/28/2010,1188.430054
4/29/2010,1201.330017
4/30/2010,1197.154968
5/3/2010,1196.854981
5/4/2010,1182.809998
5/5/2010,1167.049988
5/6/2010,1116.684998
5/7/2010,1114.640015
5/10/2010,1143.059998
5/11/2010,1159.094971
5/12/2010,1164.150025
5/13/2010,1164.854981
5/14/2010,1141.664978
5/17/2010,1128.419983
5/18/2010,1132.929993
5/19/2010,1112.465027
5/20/2010,1089.459961
5/21/2010,1073.030029
5/24/2010,1081.324951
5/25/2010,1057.765015
5/26/2010,1078.169983
5/27/2010,1088.89502
5/28/2010,1093.684998
6/1/2010,1082.330018
6/2/2010,1085.295044
6/3/2010,1098.740052
6/4/2010,1079.465027
6/7/2010,1060.609985
6/8/2010,1052.660034
6/9/2010,1064.994995
6/10/2010,1073.309998
6/11/2010,1084.684998
6/14/2010,1097.470032
6/15/2010,1103.399964
6/16/2010,1112.934998
6/17/2010,1111.794983
6/18/2010,1117.470032
6/21/2010,1119.734985
6/22/2010,1106.340027
6/23/2010,1092.475037
6/24/2010,1081.265015
6/25/2010,1075.725037
6/28/2010,1077.024964
6/29/2010,1053.140015
6/30/2010,1038.204956
7/1/2010,1022.244965
7/2/2010,1024.439972
7/6/2010,1030.424988
7/7/2010,1044.715027
7/8/2010,1064.744995
7/9/2010,1073.130005
7/12/2010,1075.61499
7/13/2010,1090.054993
7/14/2010,1093.380005
7/15/2010,1089.595032
7/16/2010,1078.584961
7/19/2010,1067.904968
7/20/2010,1070.409973
7/21/2010,1077.104981
7/22/2010,1084.820008
7/23/2010,1095.804993
7/26/2010,1108.15503
7/27/2010,1115.36499
7/28/2010,1108.88501
7/29/2010,1104.359985
7/30/2010,1097.224976
8/2/2010,1117.415039
8/3/2010,1121.099976
8/4/2010,1124.104981
8/5/2010,1122.685059
8/6/2010,1115.115052
8/9/2010,1125.075012
8/10/2010,1119.369995
8/11/2010,1102.720032
8/12/2010,1081.704956
8/13/2010,1082.625
8/16/2010,1076.054993
8/17/2010,1090.650025
8/18/2010,1092.765015
8/19/2010,1081.549988
8/20/2010,1069.77002
8/23/2010,1074.329956
8/24/2010,1054.940003
8/25/2010,1049.604981
8/26/2010,1053.424988
8/27/2010,1052.454956
8/30/2010,1056.595032
8/31/2010,1048.01001
9/1/2010,1065.51001
9/2/2010,1085.244996
9/3/2010,1099.354981
9/7/2010,1096.875
9/8/2010,1097.809998
9/9/2010,1105.710022
9/10/2010,1107.400025
9/13/2010,1118.625
9/14/2010,1121.469971
9/15/2010,1120.544983
9/16/2010,1122.159973
9/17/2010,1126.950013
9/20/2010,1135.714966
9/21/2010,1142.404969
9/22/2010,1137.979981
9/23/2010,1129.78003
9/24/2010,1140.294983
9/27/2010,1145.960022
9/28/2010,1141.044983
9/29/2010,1144.445008
9/30/2010,1146.619995
10/1/2010,1144.860047
10/4/2010,1140.015015
10/5/2010,1151.720032
10/6/2010,1158.589966
10/7/2010,1157.640015
10/8/2010,1161.654968
10/11/2010,1165.350037
10/12/2010,1164.144959
10/13/2010,1177.849976
10/14/2010,1172.799988
10/15/2010,1174.159973
10/18/2010,1180.040039
10/19/2010,1169.174988
10/20/2010,1174.839966
10/21/2010,1180.300049
10/22/2010,1181.460022
10/25/2010,1190.440003
10/26/2010,1182.414978
10/27/2010,1177.769959
10/28/2010,1183.315003
10/29/2010,1182.579956
11/1/2010,1186.730042
11/2/2010,1191.869995
11/3/2010,1190.930054
11/4/2010,1209.794983
11/5/2010,1223.684998
11/8/2010,1221.059998
11/9/2010,1217.889954
11/10/2010,1211.539978
11/11/2010,1209.969971
11/12/2010,1202.289978
11/15/2010,1202.290039
11/16/2010,1183.89502
11/17/2010,1179.690003
11/18/2010,1192.02002
11/19/2010,1194.704956
11/22/2010,1191.759949
11/23/2010,1184.710022
11/24/2010,1191.159973
11/26/2010,1190.545044
11/29/2010,1181.989991
11/30/2010,1180.77002
12/1/2010,1197.104981
12/2/2010,1214.350037
12/3/2010,1221.194946
12/6/2010,1223.235047
12/7/2010,1229.150025
12/8/2010,1224.215027
12/9/2010,1230.779969
12/10/2010,1236.48999
12/13/2010,1243.534973
12/14/2010,1242.380005
12/15/2010,1239.130005
12/16/2010,1238.299988
12/17/2010,1242.840027
12/20/2010,1245.854981
12/21/2010,1252.625
12/22/2010,1257.164978
12/23/2010,1256.320008
12/27/2010,1254.955017
12/28/2010,1258.059998
12/29/2010,1260.690003
12/30/2010,1258.704956
12/31/2010,1256.764954
1/3/2011,1266.89502
1/4/2011,1268.390015
1/5/2011,1271.494995
1/6/2011,1274.300049
1/7/2011,1269.264954
1/10/2011,1266.850037
1/11/2011,1273.434998
1/12/2011,1281.26001
1/13/2011,1283.584961
1/14/2011,1287.23999
1/18/2011,1293.110047
1/19/2011,1286.76001
1/20/2011,1277.304993
1/21/2011,1286.639954
1/24/2011,1287.200013
1/25/2011,1286.164978
1/26/2011,1295.854981
1/27/2011,1297.850037
1/28/2011,1288.88501
1/31/2011,1281.835022
2/1/2011,1299
2/2/2011,1305.11499
2/3/2011,1301.714966
2/4/2011,1306.335022
2/7/2011,1317.349976
2/8/2011,1320.450012
2/9/2011,1319.715027
2/10/2011,1317.26001
2/11/2011,1323.434998
2/14/2011,1329.929993
2/15/2011,1327.52002
2/16/2011,1333.559998
2/17/2011,1336.25
2/18/2011,1341.094971
2/22/2011,1325.619995
2/23/2011,1308.730042
2/24/2011,1302.585022
2/25/2011,1313.974976
2/28/2011,1324.965027
3/1/2011,1319.114991
3/2/2011,1308.384949
3/3/2011,1322.325012
3/4/2011,1321.834961
3/7/2011,1315.835022
3/8/2011,1316.299988
3/9/2011,1317.739991
3/10/2011,1304.964966
3/11/2011,1300.169983
3/14/2011,1293.779968
3/15/2011,1274.789978
3/16/2011,1264.980042
3/17/2011,1270.244995
3/18/2011,1282.53003
3/21/2011,1291.11499
3/22/2011,1296.024964
3/23/2011,1292.28003
3/24/2011,1304.539978
3/25/2011,1314.665039
3/28/2011,1314.964966
3/29/2011,1312.354981
3/30/2011,1326.815003
3/31/2011,1327.400025
4/1/2011,1333.369996
4/4/2011,1332.919983
4/5/2011,1334.119995
4/6/2011,1335.234986
4/7/2011,1332.680054
4/8/2011,1331.199951
4/11/2011,1327.41504
4/12/2011,1315.734986
4/13/2011,1315.269959
4/14/2011,1309.605042
4/15/2011,1318.28003
4/18/2011,1304.024964
4/19/2011,1308.334961
4/20/2011,1325.890015
4/21/2011,1335.159973
4/25/2011,1334.51001
4/26/2011,1343.150025
4/27/2011,1350.869995
4/28/2011,1357.654969
4/29/2011,1361.625
5/2/2011,1364.584961
5/3/2011,1355.179993
5/4/2011,1348.700012
5/5/2011,1338.585022
5/6/2011,1344.969971
5/9/2011,1344.039978
5/10/2011,1353.889954
5/11/2011,1345.434998
5/12/2011,1341.540039
5/13/2011,1341.914978
5/16/2011,1335.324951
5/17/2011,1324.465027
5/18/2011,1334.204956
5/19/2011,1341.589966
5/20/2011,1336.335022
5/23/2011,1322.974976
5/24/2011,1318.794983
5/25/2011,1318.830017
5/26/2011,1321.460022
5/27/2011,1330.154968
5/31/2011,1338.149964
6/1/2011,1329.454956
6/2/2011,1311.820007
6/3/2011,1305.419983
6/6/2011,1292.489991
6/7/2011,1290.479981
6/8/2011,1282.230042
6/9/2011,1287.085022
6/10/2011,1278.440003
6/13/2011,1271.340027
6/14/2011,1282.359986
6/15/2011,1274.88501
6/16/2011,1266.089966
6/17/2011,1273.609985
6/20/2011,1273.990052
6/21/2011,1288.01001
6/22/2011,1292.700012
6/23/2011,1274.734986
6/24/2011,1275.585022
6/27/2011,1276.220032
6/28/2011,1288.505005
6/29/2011,1303.029969
6/30/2011,1314.804993
7/1/2011,1329.595032
7/5/2011,1337.595032
7/6/2011,1335.929993
7/7/2011,1348.049988
7/8/2011,1343.049988
7/11/2011,1329.865052
7/12/2011,1320.25
7/13/2011,1322.964966
7/14/2011,1316.695008
7/15/2011,1312.609986
7/18/2011,1305.929993
7/19/2011,1317.604981
7/20/2011,1327.040039
7/21/2011,1336.325012
7/22/2011,1341.524964
7/25/2011,1337.704956
7/26/2011,1334.049988
7/27/2011,1317.700012
7/28/2011,1307.73999
7/29/2011,1293.51001
8/1/2011,1291.054993
8/2/2011,1270.295044
8/3/2011,1247.880005
8/4/2011,1229.88501
8/5/2011,1193.099976
8/8/2011,1158.880005
8/9/2011,1137.210022
8/10/2011,1144.890015
8/11/2011,1153.795044
8/12/2011,1179.890015
8/15/2011,1191.674988
8/16/2011,1192.375
8/17/2011,1196.414978
8/18/2011,1160.325012
8/19/2011,1138.295044
8/22/2011,1133.289978
8/23/2011,1143.354981
8/24/2011,1167.430054
8/25/2011,1173.075013
8/26/2011,1158.570007
8/29/2011,1194.095032
8/30/2011,1207.934998
8/31/2011,1220.029969
9/1/2011,1216.570008
9/2/2011,1187.230042
9/6/2011,1157.049988
9/7/2011,1182.234986
9/8/2011,1193.869995
9/9/2011,1166.869995
9/12/2011,1149.294983
9/13/2011,1166.924988
9/14/2011,1182.554993
9/15/2011,1199.274963
9/16/2011,1212.26001
9/19/2011,1201.674988
9/20/2011,1210.840027
9/21/2011,1186.255005
9/22/2011,1139.38501
9/23/2011,1131.539978
9/26/2011,1147.629944
9/27/2011,1179.589966
9/28/2011,1167.554993
9/29/2011,1157.900025
9/30/2011,1145.63501
10/3/2011,1118.955017
10/4/2011,1099.945008
10/5/2011,1130.875
10/6/2011,1150.25
10/7/2011,1160.830017
10/10/2011,1176.530029
10/11/2011,1193.27002
10/12/2011,1208.219971
10/13/2011,1199.019959
10/14/2011,1215.130005
10/17/2011,1211.51001
10/18/2011,1212.289978
10/19/2011,1217.975037
10/20/2011,1208.434998
10/21/2011,1227.210022
10/24/2011,1247.63501
10/25/2011,1240.48999
10/26/2011,1233.670044
10/27/2011,1268.315003
10/28/2011,1282.044983
10/31/2011,1269.059998
11/1/2011,1233.210022
11/2/2011,1231.049988
11/3/2011,1249.01001
11/4/2011,1249.869995
11/7/2011,1251.224976
11/8/2011,1266.27002
11/9/2011,1250.910035
11/10/2011,1236.959961
11/11/2011,1253.549988
11/14/2011,1255.265015
11/15/2011,1254.294983
11/16/2011,1247.640015
11/17/2011,1223.580017
11/18/2011,1217.434998
11/21/2011,1199.390015
11/22/2011,1189.230042
11/23/2011,1174.63501
11/25/2011,1165.660034
11/28/2011,1178.01001
11/29/2011,1197.735047
11/30/2011,1221.914978
12/1/2011,1245.409973
12/2/2011,1251.714966
12/5/2011,1255.529968
12/6/2011,1259.530029
12/7/2011,1255.930054
12/8/2011,1246.169983
12/9/2011,1246.36499
12/12/2011,1241.150025
12/13/2011,1234.64502
12/14/2011,1217.599976
12/15/2011,1218.859986
12/16/2011,1223.119995
12/19/2011,1213.469971
12/20/2011,1224.269959
12/21/2011,1237.299988
12/22/2011,1249.469971
12/23/2011,1259.710022
12/27/2011,1265.835022
12/28/2011,1257.244996
12/29/2011,1256.64502
12/30/2011,1260.789978
1/3/2012,1271.73999
1/4/2012,1273.414978
1/5/2012,1274.15503
1/6/2012,1277.589966
1/9/2012,1278.27002
1/10/2012,1288.614991
1/11/2012,1289.605042
1/12/2012,1291.294983
1/13/2012,1286.199951
1/17/2012,1296.609986
1/18/2012,1299.549988
1/19/2012,1311.779968
1/20/2012,1312.275025
1/23/2012,1316.085022
1/24/2012,1311.01001
1/25/2012,1317.975037
1/26/2012,1323.534974
1/27/2012,1315.890015
1/30/2012,1308.325012
1/31/2012,1314.049988
2/1/2012,1321.484986
2/2/2012,1325.379944
2/3/2012,1335.774964
2/6/2012,1340.940003
2/7/2012,1342.580017
2/8/2012,1346.474976
2/9/2012,1349.474976
2/10/2012,1344.279969
2/13/2012,1348.205018
2/14/2012,1346.065003
2/15/2012,1348.335022
2/16/2012,1350.119996
2/17/2012,1360.320007
2/21/2012,1362.934998
2/22/2012,1359.11499
2/23/2012,1358.26001
2/24/2012,1366.190003
2/27/2012,1363.429993
2/28/2012,1369.529969
2/29/2012,1370.925049
3/1/2012,1371.035034
3/2/2012,1370.475037
3/5/2012,1364.359986
3/6/2012,1351.830017
3/7/2012,1349.119996
3/8/2012,1360.684998
3/9/2012,1370.364991
3/12/2012,1369.86499
3/13/2012,1384.025025
3/14/2012,1394.695008
3/15/2012,1397.705017
3/16/2012,1403.674988
3/19/2012,1408.215027
3/20/2012,1403.63501
3/21/2012,1404.195008
3/22/2012,1395.809998
3/23/2012,1393.025025
3/26/2012,1406.844971
3/27/2012,1415.549988
3/28/2012,1405.424988
3/29/2012,1398.475037
3/30/2012,1406.15503
4/2/2012,1413.419983
4/3/2012,1411.809998
4/4/2012,1403.589966
4/5/2012,1397.26001
4/9/2012,1387.844971
4/10/2012,1370.195008
4/11/2012,1366.844971
4/12/2012,1378.450013
4/13/2012,1378.729981
4/16/2012,1372.52002
4/17/2012,1381.164978
4/18/2012,1387.035034
4/19/2012,1380.380005
4/20/2012,1382.179993
4/23/2012,1368.660034
4/24/2012,1371.194946
4/25/2012,1381.73999
4/26/2012,1394.684998
4/27/2012,1401.975037
4/30/2012,1398.630005
5/1/2012,1405.524963
5/2/2012,1399.710022
5/3/2012,1395.889954
5/4/2012,1379.734986
5/7/2012,1368.924988
5/8/2012,1358.455017
5/9/2012,1353.429993
5/10/2012,1360.229981
5/11/2012,1357.275025
5/14/2012,1344.27002
5/15/2012,1336.674988
5/16/2012,1333.285034
5/17/2012,1315.609985
5/18/2012,1302.109985
5/21/2012,1306.059998
5/22/2012,1319.265015
5/23/2012,1308.619995
5/24/2012,1317.320008
5/25/2012,1319.214966
5/29/2012,1326.915039
5/30/2012,1321.005005
5/31/2012,1309.320007
6/1/2012,1293.559998
6/4/2012,1274.64502
6/5/2012,1280.890015
6/6/2012,1300.369995
6/7/2012,1320.865052
6/8/2012,1316.79004
6/11/2012,1321.625
6/12/2012,1315.465027
6/13/2012,1318.89502
6/14/2012,1323.910035
6/15/2012,1336.254944
6/18/2012,1341.339966
6/19/2012,1354.144959
6/20/2012,1354.009949
6/21/2012,1341.340027
6/22/2012,1331.869995
6/25/2012,1322.085022
6/26/2012,1317.27002
6/27/2012,1327.554993
6/28/2012,1322.40503
6/29/2012,1346.14502
7/2/2012,1361.024964
7/3/2012,1369.170044
7/5/2012,1368.434998
7/6/2012,1357.559998
7/9/2012,1350.76001
7/10/2012,1348.90503
7/11/2012,1339.125
7/12/2012,1333.350037
7/13/2012,1346.255005
7/16/2012,1352.88501
7/17/2012,1355.214966
7/18/2012,1367.109986
7/19/2012,1375.799988
7/20/2012,1369.349976
7/23/2012,1349.950013
7/24/2012,1340.38501
7/25/2012,1337.73999
7/26/2012,1350.650025
7/27/2012,1374.619995
7/30/2012,1386.554993
7/31/2012,1383.165039
8/1/2012,1379.190003
8/2/2012,1364.890015
8/3/2012,1379.804993
8/6/2012,1395.335022
8/7/2012,1400.799988
8/8/2012,1400.13501
8/9/2012,1402.375
8/10/2012,1400.799988
8/13/2012,1401.594971
8/14/2012,1405.315003
8/15/2012,1404.779968
8/16/2012,1410.794983
8/17/2012,1416.690003
8/20/2012,1415.125
8/21/2012,1418.77002
8/22/2012,1411.450012
8/23/2012,1406.994995
8/24/2012,1405.75
8/27/2012,1412.640015
8/28/2012,1409.609986
8/29/2012,1410.259949
8/30/2012,1403.544983
8/31/2012,1406.024964
9/4/2012,1402.935059
9/5/2012,1405.03003
9/6/2012,1417.929993
9/7/2012,1434.684998
9/10/2012,1433.859985
9/11/2012,1433.445008
9/12/2012,1436.070007
9/13/2012,1449.549988
9/14/2012,1467.289978
9/17/2012,1461.590027
9/18/2012,1458.799988
9/19/2012,1461.515015
9/20/2012,1455.60498
9/21/2012,1463.289978
9/24/2012,1456.390015
9/25/2012,1452.414978
9/26/2012,1436.065003
9/27/2012,1441.779968
9/28/2012,1441.364991
10/1/2012,1449.02002
10/2/2012,1445.265015
10/3/2012,1448.14502
10/4/2012,1457.109986
10/5/2012,1463.924988
10/8/2012,1457.015015
10/9/2012,1448.540039
10/10/2012,1436.580018
10/11/2012,1438.359985
10/12/2012,1431.980042
10/15/2012,1434.275025
10/16/2012,1447.910035
10/17/2012,1457.774964
10/18/2012,1458.325013
10/19/2012,1443.594971
10/22/2012,1428.76001
10/23/2012,1420.650025
10/24/2012,1413.570008
10/25/2012,1413.130005
10/26/2012,1410.184998
10/31/2012,1412.354981
11/1/2012,1420.274964
11/2/2012,1423.590027
11/5/2012,1414.015015
11/6/2012,1425.320008
11/7/2012,1408.205018
11/8/2012,1389.369995
11/9/2012,1382.210022
11/12/2012,1381.029968
11/13/2012,1380.100037
11/14/2012,1366.315003
11/15/2012,1354.335022
11/16/2012,1352.690003
11/19/2012,1373.38501
11/20/2012,1383.40503
11/21/2012,1388.820008
11/23/2012,1400.095032
11/26/2012,1403.415039
11/27/2012,1403.52002
11/28/2012,1397.870057
11/29/2012,1414.369995
11/30/2012,1415.244995
12/3/2012,1416.094971
12/4/2012,1408.39502
12/5/2012,1406.89502
12/6/2012,1409.940003
12/7/2012,1415.619995
12/10/2012,1418.640015
12/11/2012,1426.410035
12/12/2012,1432.674988
12/13/2012,1423.679993
12/14/2012,1415.664978
12/17/2012,1422.105042
12/18/2012,1439.234986
12/19/2012,1441.775025
12/20/2012,1438.259949
12/21/2012,1433.125
12/24/2012,1427.405029
12/26/2012,1422.925049
12/27/2012,1412.300049
12/28/2012,1409.839966
12/31/2012,1412.424988
1/2/2013,1444.309998
1/3/2013,1460.5
1/4/2013,1463.464966
1/7/2013,1461.544983
1/8/2013,1456.765015
1/9/2013,1460.940002
1/10/2013,1466.660035
1/11/2013,1470.164978
1/14/2013,1468.869995
1/15/2013,1468.535035
1/16/2013,1470.779969
1/17/2013,1478.89502
1/18/2013,1480.89502
1/22/2013,1486.860047
1/23/2013,1493.015015
1/24/2013,1495.864991
1/25/2013,1499.039978
1/28/2013,1499.779968
1/29/2013,1503.719971
1/30/2013,1505.024963
1/31/2013,1500.474976
2/1/2013,1506.26001
2/4/2013,1504.095032
2/5/2013,1505.334961
2/6/2013,1508.619995
2/7/2013,1505.695007
2/8/2013,1513.850037
2/11/2013,1515.960022
2/12/2013,1518.950012
2/13/2013,1520.309998
2/14/2013,1518.580018
2/15/2013,1519.190003
2/19/2013,1525.36499
2/20/2013,1521.174988
2/21/2013,1504.619995
2/22/2013,1509.03003
2/25/2013,1506.844971
2/26/2013,1492
2/27/2013,1507.479981
2/28/2013,1519.899964
3/1/2013,1510.734985
3/4/2013,1518.78003
3/5/2013,1534.334961
3/6/2013,1541.679993
3/7/2013,1543.619995
3/8/2013,1547.709961
3/11/2013,1551.815003
3/12/2013,1552.505005
3/13/2013,1552.320008
3/14/2013,1558.919983
3/15/2013,1559.679993
3/18/2013,1552.914978
3/19/2013,1547.909973
3/20/2013,1554.950013
3/21/2013,1551.130005
3/22/2013,1551.820007
3/25/2013,1555.565003
3/26/2013,1557.819946
3/27/2013,1557.984985
3/28/2013,1565.679993
4/1/2013,1564.519959
4/2/2013,1567.915039
4/3/2013,1560.63501
4/4/2013,1557.559998
4/5/2013,1549.73999
4/8/2013,1555.849976
4/9/2013,1567.40503
4/10/2013,1578.839966
4/11/2013,1591.76001
4/12/2013,1586.63501
4/15/2013,1570.559998
4/16/2013,1563.854981
4/17/2013,1559.129944
4/18/2013,1545.205017
4/19/2013,1547.64502
4/22/2013,1556.869995
4/23/2013,1571.039978
4/24/2013,1579.400025
4/25/2013,1585.785035
4/26/2013,1581.670044
4/29/2013,1589.494995
4/30/2013,1592.034973
5/1/2013,1589.415039
5/2/2013,1590.684998
5/3/2013,1608.029969
5/6/2013,1616.989991
5/7/2013,1621.335022
5/8/2013,1627.73999
5/9/2013,1629.049988
5/10/2013,1628.704956
5/13/2013,1631.369995
5/14/2013,1642.424988
5/15/2013,1654.085022
5/16/2013,1654.554993
5/17/2013,1659.959961
5/20/2013,1668.179993
5/21/2013,1668.800049
5/22/2013,1668.02002
5/23/2013,1645.515015
5/24/2013,1643.330017
5/28/2013,1663.419983
5/29/2013,1648.309998
5/30/2013,1655.26001
5/31/2013,1644.86499
6/3/2013,1631.570008
6/4/2013,1635.075012
6/5/2013,1618.200013
6/6/2013,1610.39502
6/7/2013,1634.835022
6/10/2013,1643.974976
6/11/2013,1631.525025
6/12/2013,1624.315003
6/13/2013,1623.659973
6/14/2013,1632.380005
6/17/2013,1638.419983
6/18/2013,1646.979981
6/19/2013,1640.679993
6/20/2013,1604.469971
6/21/2013,1588.444946
6/24/2013,1574.549988
6/25/2013,1585.440003
6/26/2013,1599.549988
6/27/2013,1613.254944
6/28/2013,1608.5
7/1/2013,1618.195007
7/2/2013,1615.515015
7/3/2013,1611.769959
7/5/2013,1623.389954
7/8/2013,1639.440003
7/9/2013,1648.535035
7/10/2013,1652.790039
7/11/2013,1667.02002
7/12/2013,1676.259949
7/15/2013,1681.200013
7/16/2013,1677.784973
7/17/2013,1681.330017
7/18/2013,1687.085022
7/19/2013,1688.084961
7/22/2013,1694.140015
7/23/2013,1694.955017
7/24/2013,1690.474976
7/25/2013,1685.504944
7/26/2013,1683.940003
7/29/2013,1686.390015
7/30/2013,1687.804993
7/31/2013,1691.684998
8/1/2013,1698.63501
8/2/2013,1705.175049
8/5/2013,1706.39502
8/6/2013,1699.540039
8/7/2013,1690.105042
8/8/2013,1694.28003
8/9/2013,1692.720032
